trtmt,time,real_time,C_mean,C_sd
3,0,-8,0,0
3,12,-7,0,0
3,24,-6,0,0
3,36,-5,0,0
3,48,-4,0,0
3,60,-3,0,0
3,72,-2,0,0
3,84,-1,0,0
3,96,0,3.313796196629e-5,5.3014243590263905e-8
3,108,1,0.013714929736926666,3.9223649149004116e-5
3,120,2,0.04759044151631833,1.45030347722448e-4
3,132,3,0.09891739442065667,2.826965866195002e-4
3,144,4,0.10475423920086833,3.2280705208650486e-4
3,156,5,0.10373963499582001,3.190703482214326e-4
3,168,6,0.10250509677329334,3.1890419066545446e-4
3,180,7,0.10088174348626167,3.209385896196297e-4
3,192,8,0.09880803274173666,3.2263605045872434e-4
3,204,9,0.09629088675447667,3.231323611521084e-4
3,216,10,0.09337533816881499,3.208599022729236e-4
3,228,11,0.09012655419174,3.166989682126628e-4
3,240,12,0.08661588172665667,3.1109080858141117e-4
3,252,13,0.08291472615968,3.04669759793967e-4
3,264,14,0.07908885420099,2.974164376854195e-4
3,276,15,0.07519673720935334,2.885617630577948e-4
3,288,16,0.07128915127862333,2.785933166268183e-4
3,300,17,0.06740924440544166,2.6777377887773234e-4
3,312,18,0.06359136027521833,2.5654993034323053e-4
3,324,19,0.059863111506888333,2.4516945076812524e-4
3,336,20,0.05624658574474333,2.3368524131841642e-4
3,348,21,0.052757484839576665,2.2224308373379914e-4
3,360,22,0.049407324932725,2.108067356574682e-4
3,372,23,0.04620397850391167,1.9936210158663078e-4
3,384,24,0.043152012799196664,1.8805697950833051e-4
3,396,25,0.040253479830966665,1.7709606734528415e-4
3,408,26,0.03750843301156167,1.6654076735942575e-4
3,420,27,0.03491520520655833,1.5635317832891115e-4
3,432,28,0.03247092104314167,1.46490236767188e-4
3,444,29,0.030171582656023332,1.3699936325889647e-4
3,456,30,0.028012473557156668,1.279591408579998e-4
3,468,31,0.025988415674053335,1.1934881048292833e-4
3,480,32,0.024093792627101665,1.1120524434125036e-4
3,492,33,0.022322802797396665,1.0353534614101993e-4
3,504,34,0.020669512405096666,9.630488630389782e-5
3,516,35,0.019127910279611665,8.949720244327524e-5
3,528,36,0.017691996534426668,8.307823408484633e-5
3,540,37,0.016355882522468335,7.704147413415975e-5
3,552,38,0.015113815838556666,7.138930422851219e-5
3,564,39,0.013960204704183334,6.611789329574974e-5
3,576,40,0.012889624612521166,6.119561427448489e-5
3,588,41,0.011896875806683667,5.660445498450112e-5
3,600,42,0.010976959666404334,5.232978037627853e-5
3,612,43,0.010125101687673334,4.8352618401456345e-5
3,624,44,0.009336758509863333,4.465527996694665e-5
3,636,45,0.008607617679643166,4.122260378598284e-5
3,648,46,0.0079335958509555,3.8039753437893366e-5
3,660,47,0.007310835225259833,3.509009332863714e-5
3,672,48,0.006735694270815667,3.2360598879810105e-5
3,684,49,0.0062047549324975,2.9833600502211325e-5
3,696,50,0.005714807108471333,2.7497266450537572e-5
3,708,51,0.0052628399274575,2.533803479110714e-5
3,720,52,0.004846038761042166,2.33428290808967e-5
3,732,53,0.004461774361185833,2.150159567862313e-5
3,744,54,0.0041075955304721665,1.9802755050534666e-5
3,756,55,0.0037812200395885,1.823574274534148e-5
3,768,56,0.003480525263362,1.6790551436508347e-5
3,780,57,0.003203539483297,1.545858414447883e-5
3,792,58,0.002948433107468333,1.4230869098153461e-5
3,804,59,0.0027135105299025,1.3099685669794796e-5
3,816,60,0.0024972009075903334,1.2057585458791684e-5
3,828,61,0.0022980506194471666,1.1097664949288352e-5
3,840,62,0.0021147156635495,1.0213624195995115e-5
3,852,63,0.0019459537027088332,9.399577748302026e-6
3,864,64,0.0017906173107771666,8.65005807724093e-6
3,876,65,0.001647647168392,7.960027796103933e-6
3,888,66,0.0015160657472893333,7.324821201466034e-6
3,900,67,0.001394971410152,6.740123713230071e-6
3,912,68,0.00128353276791835,6.201992658701703e-6
3,924,69,0.0011809834110628333,5.7067195095695605e-6
3,936,70,0.00108661702516735,5.250906955855137e-6
3,948,71,9.997828442398166e-4,4.831437810375619e-6
3,960,72,9.1988140155215e-4,4.445426886713406e-6
3,972,73,8.463605555207833e-4,4.090216377794793e-6
3,984,74,7.787118594818333e-4,3.7633589840454515e-6
3,996,75,7.164671529988667e-4,3.4625940069411537e-6
3,1008,76,6.591954124309667e-4,3.185844161618244e-6
3,1020,77,6.064998550374167e-4,2.931199147653193e-6
3,1032,78,5.580152426604333e-4,2.6968971317938162e-6
3,1044,79,5.134054005708e-4,2.481314422459961e-6
3,1056,80,4.7236092399695e-4,2.2829590340462334e-6
3,1068,81,4.3459705457186667e-4,2.10045477815694e-6
3,1080,82,3.9985173505796665e-4,1.932536398718627e-6
3,1092,83,3.6788380864403335e-4,1.7780385108661925e-6
3,1104,84,3.384713578534e-4,1.6358888207506355e-6
3,1116,85,3.1141017643205e-4,1.505101746847653e-6
3,1128,86,2.865123592013e-4,1.384769395334238e-6
3,1140,87,2.636050051685e-4,1.274056414429229e-6
3,1152,88,2.4252902203025e-4,1.1721939949872554e-6
3,1164,89,2.2313802543683333e-4,1.0784747084623913e-6
3,1176,90,2.0529732555930001e-4,9.922478065722751e-7
3,1188,91,1.8888299429146668e-4,9.129146521023317e-7
3,1200,92,1.7378100642936666e-4,8.399240787952093e-7
3,1212,93,1.5988644909435e-4,7.727690344156609e-7
3,1224,94,1.4710279414073335e-4,7.109830309104153e-7
3,1236,95,1.3534122866599e-4,6.541368985572569e-7
3,1248,96,1.2452003864931666e-4,6.018357196474496e-7
3,1260,97,1.1456404184791333e-4,5.537161539410009e-7
3,1272,98,1.0540406593739833e-4,5.094438799635369e-7
3,1284,99,9.697646827796167e-5,4.687113233480068e-7
3,1296,100,8.9222693999005e-5,4.3123549208476777e-7
3,1308,101,8.208886938418167e-5,3.967560063438705e-7
3,1320,102,7.552542773804001e-5,3.6503330413328053e-7
3,1332,103,6.948676511148833e-5,3.35846975770731e-7
3,1344,104,6.393092354693834e-5,3.0899423033498465e-7
3,1356,105,5.881929963029167e-5,2.8428849014704634e-7
3,1368,106,5.4116376319713335e-5,2.6155809899945505e-7
3,1380,107,4.9789476216675e-5,2.406451169857813e-7
3,1392,108,4.5808534555273336e-5,2.2140423233653014e-7
3,1404,109,4.214589032914667e-5,2.037017556323759e-7
3,1416,110,3.8776094119775e-5,1.874146845906237e-7
3,1428,111,3.567573127684e-5,1.7242985105929856e-7
3,1440,112,3.282325924217834e-5,1.5864313522534437e-7
3,1452,113,3.0198857873576665e-5,1.459587413751247e-7
3,1464,114,2.7784291734913334e-5,1.3428853319791933e-7
3,1476,115,2.5562783396038334e-5,1.2355142181247274e-7
3,1488,116,2.3518896861358333e-5,1.1367280087097299e-7
3,1500,117,2.1638430316991667e-5,1.0458402981438098e-7
3,1512,118,1.9908317454596667e-5,9.622195591690126e-8
3,1524,119,1.8316536683216665e-5,8.852847583026165e-8
3,1536,120,1.6852027599433332e-5,8.145013185360055e-8
3,1548,121,1.5504614136691665e-5,7.493774057278111e-8
3,1560,122,1.4264933858215e-5,6.894605113838908e-8
3,1572,123,1.3124372904089833e-5,6.343343045789282e-8
3,1584,124,1.20750061379615e-5,5.836157424699986e-8
3,1596,125,1.11095420814825e-5,5.369524126560703e-8
3,1608,126,1.0221272248825166e-5,4.940200744805305e-8
3,1620,127,9.404024534541833e-6,4.545204157054796e-8
3,1632,128,8.652120326428167e-6,4.181789743543977e-8
3,1644,129,7.960335048556333e-6,3.8474323388567886e-8
3,1656,130,7.3238618586295e-6,3.539808665632292e-8
3,1668,131,6.738278247676167e-6,3.256781220468376e-8
3,1680,132,6.1995153108941665e-6,2.996383397491347e-8
3,1692,133,5.703829474852834e-6,2.7568058288499628e-8
3,1704,134,5.247776485505e-6,2.5363838228518533e-8
3,1716,135,4.828187476054e-6,2.3335857862565383e-8
3,1728,136,4.442146948164833e-6,2.1470025830710435e-8
3,1740,137,4.086972513805833e-6,1.9753377481228302e-8
3,1752,138,3.7601962567648335e-6,1.8173984737726852e-8
3,1764,139,3.459547584441e-6,1.6720873254770987e-8
3,1776,140,3.1829374507918332e-6,1.53839461353011e-8
3,1788,141,2.928443840569e-6,1.415391380108599e-8
3,1800,142,2.6942984144161665e-6,1.302222941350148e-8
3,1812,143,2.4788742214908332e-6,1.1981029502213025e-8
3,1824,144,2.2806743948086667e-6,1.1023079338568515e-8
3,1836,145,2.098321750179667e-6,1.0141722647888295e-8
3,1848,146,1.9305492169991666e-6,9.330835325344734e-9
3,1860,147,1.7761910340228334e-6,8.584782977421024e-9
3,1872,148,1.634174649094e-6,7.898381673658478e-9
3,1884,149,1.5035132666076667e-6,7.266861979012485e-9
3,1896,150,1.3832989907775e-6,6.68583581060023e-9
3,1908,151,1.2726965171225666e-6,6.151265931945279e-9
3,1920,152,1.1709373284189334e-6,5.659437883680576e-9
3,1932,153,1.0773143546990167e-6,5.2069342480489535e-9
3,1944,154,9.911770601735333e-7,4.7906108004017605e-9
3,1956,155,9.119269230253667e-7,4.407574731330634e-9
3,1968,156,8.390132765818167e-7,4.055164538510132e-9
3,1980,157,7.719294830582834e-7,3.730931504151224e-9
3,1992,158,7.102094131786166e-7,3.4326227069367256e-9
3,2004,159,6.534242073109667e-7,3.1581653687296958e-9
3,2016,160,6.011792955393167e-7,2.9056524223882464e-9
3,2028,161,5.531116560094666e-7,2.673329296899233e-9
3,2040,162,5.088872924986333e-7,2.4595817013267237e-9
3,2052,163,4.6819891364063336e-7,2.2629244191878924e-9
3,2064,164,4.3076379773193333e-7,2.081990983578938e-9
3,2076,165,3.9632182824566666e-7,1.9155241857229608e-9
3,2088,166,3.646336864197667e-7,1.7623673375680806e-9
3,2100,167,3.3547918836748334e-7,1.6214562342483947e-9
3,2112,168,3.0865575512915e-7,1.4918117593013116e-9
6,0,-8,0,0
6,12,-7,0,0
6,24,-6,0,0
6,36,-5,0,0
6,48,-4,0,0
6,60,-3,0,0
6,72,-2,0,0
6,84,-1,0,0
6,96,0,3.3118001588855e-5,5.689019603225278e-8
6,108,1,0.013738954071926667,4.33405764588501e-5
6,120,2,0.04768058154244167,1.560312509602665e-4
6,132,3,0.09907384779902334,2.868663822894114e-4
6,144,4,0.17195130086923333,3.498544388347782e-4
6,156,5,0.28320463137658336,8.964082408691112e-4
6,168,6,0.45969624963975,0.003152091830871391
6,180,7,0.5710428265896833,0.0058136281412591966
6,192,8,0.6141316818953834,0.00743177595238591
6,204,9,0.6238640666624666,0.00813253487687465
6,216,10,0.6112379795423667,0.00820894732866031
6,228,11,0.5846904043564001,0.007893540343915113
6,240,12,0.5508354677305334,0.007382318519619251
6,252,13,0.51447372322035,0.006814709552253568
6,264,14,0.4784766816706,0.00626173696351149
6,276,15,0.4440794213996,0.005746678722807806
6,288,16,0.41164284829295,0.005271869804599875
6,300,17,0.3812300019524167,0.004836882589180193
6,312,18,0.3528105016961,0.004438352021854824
6,324,19,0.3263154705224667,0.004072981852732909
6,336,20,0.30165748313456664,0.0037380613446028133
6,348,21,0.27874107383328334,0.003431408663467933
6,360,22,0.2574670123037333,0.0031503635529828984
6,372,23,0.237735989656185,0.0028929378636726472
6,384,24,0.21945061127758167,0.002656867910996639
6,396,25,0.20251618416286835,0.0024403539683568796
6,408,26,0.18684214531142335,0.0022417047534974087
6,420,27,0.17234213277383334,0.0020593373956127566
6,432,28,0.15893436569078168,0.001892029945141268
6,444,29,0.14654160204984334,0.001738417882763708
6,456,30,0.135091261353225,0.00159745538314204
6,468,31,0.12451517537914833,0.0014680289955150418
6,480,32,0.11474957998312833,0.0013492545257611159
6,492,33,0.10573494882667334,0.001240192716526013
6,504,34,0.09741566670492667,0.0011400210608488598
6,516,35,0.08973994415495333,0.0010480133576945393
6,528,36,0.08265958241969834,9.634945712605042e-4
6,540,37,0.07612975749911499,8.858570024011526e-4
6,552,38,0.07010883176108666,8.145380397020015e-4
6,564,39,0.06455817636811333,7.490041120008639e-4
6,576,40,0.05944194679459333,6.887831827589513e-4
6,588,41,0.05472690592855333,6.33433208055519e-4
6,600,42,0.05038225387713,5.82557730224033e-4
6,612,43,0.046379464703671665,5.357948877224685e-4
6,624,44,0.04269212102046,4.92804667076137e-4
6,636,45,0.039295779933665,4.532767408222753e-4
6,648,46,0.036167831813845,4.169299386497378e-4
6,660,47,0.03328737039932167,3.835089153734526e-4
6,672,48,0.030635069505538334,3.5277733557806704e-4
6,684,49,0.02819307438495333,3.245163504785808e-4
6,696,50,0.025944890555098334,2.9852470827782066e-4
6,708,51,0.02387528933435333,2.746194672436837e-4
6,720,52,0.02197021213409933,2.526326599102237e-4
6,732,53,0.020216684480345665,2.3241024699423204e-4
6,744,54,0.018602737204250666,2.1380944444939179e-4
6,756,55,0.017117331674492166,1.9669950434359236e-4
6,768,56,0.0157502889175175,1.8096037289480493e-4
6,780,57,0.014492224787550667,1.6648230088420248e-4
6,792,58,0.013334490389619834,1.531637229636652e-4
6,804,59,0.012269116401759332,1.4091152711244058e-4
6,816,60,0.011288760061827333,1.2964026082859666e-4
6,828,61,0.010386657262252167,1.1927113693856489e-4
6,840,62,0.009556578325305166,1.0973189084387828e-4
6,852,63,0.008792786018703501,1.0095594409590444e-4
6,864,64,0.008089997604009667,9.288215357670352e-5
6,876,65,0.007443349181692834,8.545429605302636e-5
6,888,66,0.006848362944108167,7.862064774671983e-5
6,900,67,0.0063009168446454995,7.233363209422555e-5
6,912,68,0.005797216650967667,6.654947811423694e-5
6,924,69,0.0053337700348215,6.122793347041899e-5
6,936,70,0.0049073627768006665,5.633199487297229e-5
6,948,71,0.004515036752415333,5.18276037699311e-5
6,960,72,0.004154069640024334,4.76834298087457e-5
6,972,73,0.0038219562236843333,4.387066479417781e-5
6,984,74,0.003516391118902333,4.0362798186396594e-5
6,996,75,0.0032352529426305,3.713544406320316e-5
6,1008,76,0.0029765896454723335,3.416616056066757e-5
6,1020,77,0.0027386050374276667,3.1434307491237155e-5
6,1032,78,0.002519646367661333,2.8920898342251825e-5
6,1044,79,0.0023181928963326333,2.6608463804054692e-5
6,1056,80,0.0021328453718958665,2.4480931566120335e-5
6,1068,81,0.0019623163350778834,2.252351500094348e-5
6,1080,82,0.0018054212009170666,2.07226111070656e-5
6,1092,83,0.0016610700481574333,1.9065704518925642e-5
6,1104,84,0.0015282600600705167,1.75412809374336e-5
6,1116,85,0.0014060685689926,1.6138746672647377e-5
6,1128,86,0.0012936466552434832,1.4848355043629493e-5
6,1140,87,0.0011902132554387334,1.3661139316722923e-5
6,1152,88,0.0010950497417994,1.256884970600028e-5
6,1164,89,0.0010074949327501834,1.1563895944898594e-5
6,1176,90,9.2694050280315e-4,1.0639294720234948e-5
6,1188,91,8.528267582223e-4,9.788621199030005e-6
6,1200,92,7.846387502449e-4,9.005964329993848e-6
6,1212,93,7.2190269881245e-4,8.285885674560936e-6
6,1224,94,6.6418270166505e-4,7.623381680118341e-6
6,1236,95,6.110777068038833e-4,7.013848822236171e-6
6,1248,96,5.622187264383834e-4,6.453051720552008e-6
6,1260,97,5.172662738051167e-4,5.937093631351078e-6
6,1272,98,4.7590800470335e-4,5.462389397007246e-6
6,1284,99,4.3785654762561665e-4,5.0256405211985646e-6
6,1296,100,4.028475072273667e-4,4.623812230390132e-6
6,1308,101,3.7063762745465e-4,4.2541124176782965e-6
6,1320,102,3.410031014491167e-4,3.913972218867816e-6
6,1332,103,3.137380166137833e-4,3.6010281654321866e-6
6,1344,104,2.886529239050833e-4,3.3131057647570533e-6
6,1356,105,2.655735215743333e-4,3.0482043898711455e-6
6,1368,106,2.4433944409484997e-4,2.8044833762226408e-6
6,1380,107,2.24803147926745e-4,2.5802492293878353e-6
6,1392,108,2.0682888634729167e-4,2.373943867799363e-6
6,1404,109,1.9029176626928333e-4,2.184133778916843e-6
6,1416,110,1.7507688043159666e-4,2.0095000709701988e-6
6,1428,111,1.6107850900592e-4,1.8488293098601707e-6
6,1440,112,1.4819938501201333e-4,1.701005073968727e-6
6,1452,113,1.3635001847732834e-4,1.5650002157246006e-6
6,1464,114,1.2544807462960334e-4,1.4398697062049339e-6
6,1476,115,1.15417801803975e-4,1.3247440818446328e-6
6,1488,116,1.0618950508737666e-4,1.2188233950663476e-6
6,1500,117,9.7699062053335e-5,1.1213716586779335e-6
6,1512,118,8.988747721369166e-5,1.0317117340563108e-6
6,1524,119,8.270047209038834e-5,9.492206211975218e-7
6,1536,120,7.608810806800499e-5,8.733251334371599e-7
6,1548,121,7.000443939927e-5,8.034979141723064e-7
6,1560,122,6.440719395058166e-5,7.392537706235015e-7
6,1572,123,5.9257479480376666e-5,6.801463056094069e-7
6,1584,124,5.4519513395615e-5,6.257648121629544e-7
6,1596,125,5.016037412054833e-5,5.757314229112106e-7
6,1608,126,4.614977234266833e-5,5.296984821934197e-7
6,1620,127,4.2459840546365e-5,4.873461326111894e-7
6,1632,128,3.906493938e-5,4.483800894023814e-7
6,1644,129,3.594147949997e-5,4.1252959871150574e-7
6,1656,130,3.3067757662405e-5,3.7954555500237847e-7
6,1668,131,3.042380591857e-5,3.491987698199347e-7
6,1680,132,2.7991252867685e-5,3.212783795527544e-7
6,1692,133,2.5753196005555e-5,2.955903800801642e-7
6,1704,134,2.3694084277151667e-5,2.719562794770911e-7
6,1716,135,2.1799610020613835e-5,2.5021185729330043e-7
6,1728,136,2.0056609551503835e-5,2.302060228285786e-7
6,1740,137,1.84529716959865e-5,2.1179976695721335e-7
6,1752,138,1.6977553635225833e-5,1.948651935663713e-7
6,1764,139,1.56201034815155e-5,1.792846337957402e-7
6,1776,140,1.4371189042285e-5,1.6494982684016892e-7
6,1788,141,1.3222132281614666e-5,1.51761167662748e-7
6,1800,142,1.2164949021021e-5,1.396270154336254e-7
6,1812,143,1.1192293461472666e-5,1.2846305632345678e-7
6,1824,144,1.02974071415875e-5,1.1819171808247376e-7
6,1836,145,9.474071976733833e-6,1.0874163067653316e-7
6,1848,146,8.716567052835e-6,1.0004713045656328e-7
6,1860,147,8.019628874758833e-6,9.204780410452746e-8
6,1872,148,7.378414793151167e-6,8.4688068505468e-8
6,1884,149,6.788469355617e-6,7.791678478409555e-8
6,1896,150,6.245693347992667e-6,7.168690301911543e-8
6,1908,151,5.746315311029333e-6,6.595513505003651e-8
6,1920,152,5.286865334886e-6,6.068165397284432e-8
6,1932,153,4.864150948257833e-6,5.582981708514964e-8
6,1944,154,4.4752349357683336e-6,5.1365911671027216e-8
6,1956,155,4.117414928789334e-6,4.7258920424775265e-8
6,1968,156,3.7882046281975e-6,4.348030595585972e-8
6,1980,157,3.4853165282646666e-6,4.000381286872895e-8
6,1992,158,3.206646022168333e-6,3.680528480370282e-8
6,2004,159,2.9502567781251665e-6,3.3862496868298684e-8
6,2016,160,2.7143672849134997e-6,3.1155001280344646e-8
6,2028,161,2.4973384730753333e-6,2.8663985075436287e-8
6,2040,162,2.2976623258555334e-6,2.6372139514279618e-8
6,2052,163,2.1139514008825e-6,2.426353980313978e-8
6,2064,164,1.9449291895562835e-6,2.2323534376688163e-8
6,2076,165,1.7894212472528e-6,2.0538643234074387e-8
6,2088,166,1.6463470327267167e-6,1.8896464098918494e-8
6,2100,167,1.5147124000898666e-6,1.738558633563183e-8
6,2112,168,1.39360269090445e-6,1.599551169080118e-8
12,0,-8,0,0
12,12,-7,0,0
12,24,-6,0,0
12,36,-5,0,0
12,48,-4,0,0
12,60,-3,0,0
12,72,-2,0,0
12,84,-1,0,0
12,96,0,3.3151046518173335e-5,8.386791928597531e-8
12,108,1,0.013706813917673333,5.699837111342339e-5
12,120,2,0.04755981165423167,2.1844541607918697e-4
12,132,3,0.09886860145922166,4.154623863704027e-4
12,144,4,0.17178580111108332,5.346389903692623e-4
12,156,5,0.2837221356756,7.296634573529097e-4
12,168,6,0.46204013754535,0.0027086694732177756
12,180,7,0.71686539329225,0.0063763744031016464
12,192,8,0.854307089218766,0.012044067043684983
12,204,9,0.9507257735986474,0.010556497627187885
12,216,10,1.070777376955785,0.010696091278351926
12,228,11,1.2087073565751316,0.013038120398152322
12,240,12,1.334292926206483,0.014601665865997265
12,252,13,1.3902067121665154,0.015302180051329039
12,264,14,1.3450147035813342,0.014728185453742947
12,276,15,1.2620139057371529,0.013249895953050412
12,288,16,1.1714411508713725,0.012640653387266927
12,300,17,1.082475874163273,0.011997884490049316
12,312,18,0.9987993960447512,0.011638097887584164
12,324,19,0.9206965397838771,0.012381973448251966
12,336,20,0.8490525927751844,0.01132924964883975
12,348,21,0.7830007750374919,0.010184794327877939
12,360,22,0.7202844666995707,0.009670553380051395
12,372,23,0.6627790590334652,0.009044270107638988
12,384,24,0.6096823302436096,0.00893271562148925
12,396,25,0.5608142117926689,0.00869415924809608
12,408,26,0.5161788571582204,0.008522908198297575
12,420,27,0.47470095327841916,0.007991463818132195
12,432,28,0.43679678685439566,0.0075201372696998775
12,444,29,0.40189933988276083,0.007222489369494696
12,456,30,0.3696930080289465,0.006740914970272975
12,468,31,0.3397579608669242,0.006306454953246907
12,480,32,0.3128435509129044,0.005771197281198591
12,492,33,0.28757925015748836,0.005308668941446992
12,504,34,0.2644358530229281,0.004952807031299979
12,516,35,0.24303456718390165,0.004732740628120098
12,528,36,0.2235844731236014,0.004217586124694717
12,540,37,0.20529083670023446,0.004072547128433883
12,552,38,0.18852336384463086,0.00349960387170887
12,564,39,0.17328766280955768,0.0032366230140348593
12,576,40,0.1592741850628274,0.0030841895413994346
12,588,41,0.14618490309409887,0.0024909465179495066
12,600,42,0.13428745468685885,0.002423655871269723
12,612,43,0.12327808401338293,0.0025060490918521875
12,624,44,0.1132598646025031,0.0022579017971423128
12,636,45,0.10415527326866592,0.00212229697730124
12,648,46,0.09546119336027144,0.0020026331926258152
12,660,47,0.08768968091903212,0.0018071261038659992
12,672,48,0.08048618504612458,0.0017147590737599894
12,684,49,0.07385940057580088,0.0015909712687620643
12,696,50,0.06784322320072184,0.0014729767369384224
12,708,51,0.06231055132051542,0.0014628770584688097
12,720,52,0.05699005469291161,0.0012913021051051375
12,732,53,0.052245951799934666,0.0011929113029635298
12,744,54,0.04792385928306926,0.0011615222649324387
12,756,55,0.04392833816238877,0.0010566543275591254
12,768,56,0.040352705612318865,9.383970240455541e-4
12,780,57,0.03696551494335208,8.057066302274157e-4
12,792,58,0.033921883806278134,7.041359695739457e-4
12,804,59,0.03118504737117383,6.691740663111595e-4
12,816,60,0.028626611156597002,6.380453494321649e-4
12,828,61,0.02626336908208401,5.850585903638085e-4
12,840,62,0.02406918024209673,5.827239714824562e-4
12,852,63,0.022065060090330713,0.00053297372289808965
12,864,64,0.020270286537942373,5.020511705469678e-4
12,876,65,0.01863599358817913,4.766385428850477e-4
12,888,66,0.017053702189029116,4.063157179027429e-4
12,900,67,0.01566455412225731,3.733405511828195e-4
12,912,68,0.014381270337453156,3.330451922589918e-4
12,924,69,0.013224130101665295,3.0985649962730276e-4
12,936,70,0.012163580771711514,2.8482227746270256e-4
12,948,71,0.011188097342299773,2.664814025609489e-4
12,960,72,0.010293181103688296,2.443964614284048e-4
12,972,73,0.00946874372597567,2.2428282917285092e-4
12,984,74,0.008703680384110863,1.9912562558772518e-4
12,996,75,0.007999616601431059,1.8441013353518888e-4
12,1008,76,0.007344365663465053,1.5473454057156688e-4
12,1020,77,0.006754581304764024,1.4137884093868048e-4
12,1032,78,0.006205353798096898,1.248130318233124e-4
12,1044,79,0.005708360550727538,1.1435683416953308e-4
12,1056,80,0.005248109822450836,1.0613295247281678e-4
12,1068,81,0.004815663947019938,9.585164646770166e-5
12,1080,82,0.004430125841652585,8.764079806284481e-5
12,1092,83,0.004073231418791086,8.105213309292832e-5
12,1104,84,0.00374420486254554,7.504138062264766e-5
12,1116,85,0.0034416139805740517,6.973984461600736e-5
12,1128,86,0.0031664173058561763,6.419780737228454e-5
12,1140,87,0.0029131691514634804,5.922927253814973e-5
12,1152,88,0.0026780856858060554,5.5651260185264806e-5
12,1164,89,0.0024619508926662314,5.3042567161108264e-5
12,1176,90,0.0022606104300376744,4.698622824819599e-5
12,1188,91,0.0020767528870265094,4.312093832133022e-5
12,1200,92,0.0019092537089033226,4.100352962562896e-5
12,1212,93,0.001753688508201529,3.6690272315085774e-5
12,1224,94,0.0016127982877389068,3.4466970083676296e-5
12,1236,95,0.0014835729830465218,3.199822630530604e-5
12,1248,96,0.0013649876489292558,2.942680340892792e-5
12,1260,97,0.0012555230066817924,2.7109026453775898e-5
12,1272,98,0.0011546533678883902,2.557196247113687e-5
12,1284,99,0.0010620143649926839,2.3420455982327623e-5
12,1296,100,9.761260590933787e-4,2.0885348967710903e-5
12,1308,101,8.980779684161696e-4,1.917237558687868e-5
12,1320,102,8.2608693824144e-4,1.767207699794934e-5
12,1332,103,7.600331493747201e-4,1.624786727596833e-5
12,1344,104,6.985557725156549e-4,1.4837251259508398e-5
12,1356,105,6.42554924512193e-4,1.3716930175810085e-5
12,1368,106,5.911181874266595e-4,1.2607548366824076e-5
12,1380,107,5.437287377584958e-4,1.1441353103191476e-5
12,1392,108,4.996587244077319e-4,1.0649417500789641e-5
12,1404,109,4.5970822456052325e-4,9.797937153837747e-6
12,1416,110,4.229519893465511e-4,9.014537410877988e-6
12,1428,111,3.8913461964879155e-4,8.293774845352928e-6
12,1440,112,3.580211369119982e-4,7.630641271280084e-6
12,1452,113,3.2939535037913924e-4,7.020528923565544e-6
12,1464,114,3.030583549417656e-4,6.4591984621918035e-6
12,1476,115,2.786859707332769e-4,6.004702815388056e-6
12,1488,116,2.562150281921715e-4,5.640582870573138e-6
12,1500,117,2.3559397910529736e-4,5.237431135983233e-6
12,1512,118,2.167317620022882e-4,4.759675763021111e-6
12,1524,119,1.990551124882283e-4,4.455728233714401e-6
12,1536,120,1.8313954564972657e-4,4.099467896461899e-6
12,1548,121,1.6849651714623658e-4,3.771692561229325e-6
12,1560,122,1.5501707307588377e-4,3.479417433529749e-6
12,1572,123,1.426088977962699e-4,3.2085929161219094e-6
12,1584,124,1.3120652067653377e-4,2.95204800739607e-6
12,1596,125,1.2071582721931652e-4,2.7160152955262866e-6
12,1608,126,1.1106668461944947e-4,2.505417672404135e-6
12,1620,127,1.0218628341999795e-4,2.305095547893032e-6
12,1632,128,9.401591984350907e-5,2.120790295116311e-6
12,1644,129,8.649882242307562e-5,1.9512212762395487e-6
12,1656,130,7.958275888546731e-5,1.795210246403902e-6
12,1668,131,7.321967321808256e-5,1.6516731695075258e-6
12,1680,132,6.73587214529659e-5,1.5039020491062665e-6
12,1692,133,6.197301578853007e-5,1.3836566878259396e-6
12,1704,134,5.699786409404198e-5,1.2520713216138552e-6
12,1716,135,5.244177623720542e-5,1.1503935739148588e-6
12,1728,136,4.8227802844553436e-5,1.0480291766779191e-6
12,1740,137,4.437172087692801e-5,9.642333955667368e-7
12,1752,138,4.081117285652471e-5,8.915583410297159e-7
12,1764,139,3.7548091843208325e-5,8.202732765582646e-7
12,1776,140,3.4545912366081816e-5,7.546878502857349e-7
12,1788,141,3.178377389138323e-5,6.943463452713266e-7
12,1800,142,2.9242483801624006e-5,6.388294802796164e-7
12,1812,143,2.6904384035744298e-5,5.877514982992298e-7
12,1824,144,2.4753228393669156e-5,5.407574861567721e-7
12,1836,145,2.277406964945175e-5,4.975209074096564e-7
12,1848,146,2.0953155691537432e-5,4.577413344525579e-7
12,1860,147,1.927783396584565e-5,4.211423603952656e-7
12,1872,148,1.7736463561288725e-5,3.8746967852427434e-7
12,1884,149,1.631329466787665e-5,3.6313405406866e-7
12,1896,150,1.5000108632729354e-5,3.315479901486758e-7
12,1908,151,1.380076624007463e-5,3.05038878122663e-7
12,1920,152,1.2692572672004259e-5,2.8282768006777894e-7
12,1932,153,1.1677730656504758e-5,2.6021402872121105e-7
12,1944,154,1.0744030923456667e-5,2.3940846496886216e-7
12,1956,155,9.884985694455e-6,2.202664222042516e-7
12,1968,156,9.094625925433429e-6,2.0265489258923579e-7
12,1980,157,8.367459830484341e-6,1.8645150298301106e-7
12,1992,158,7.698434722757829e-6,1.7154366485348352e-7
12,2004,159,7.082901905846483e-6,1.5782779155268893e-7
12,2016,160,6.515010907040561e-6,1.4480811379318007e-7
12,2028,161,5.993935176246281e-6,1.3320034247259253e-7
12,2040,162,5.514686609951766e-6,1.2255023175469073e-7
12,2052,163,5.072073939132226e-6,1.1360249048220975e-7
12,2064,164,4.666533323160501e-6,1.0451933741315859e-7
12,2076,165,4.293373650966529e-6,9.618949087628754e-8
12,2088,166,3.9500944685653745e-6,8.849860431563719e-8
12,2100,167,3.634262372451844e-6,8.142264702954626e-8
12,2112,168,3.343682814900917e-6,7.491245202496504e-8
18,0,-8,0,0
18,12,-7,0,0
18,24,-6,0,0
18,36,-5,0,0
18,48,-4,0,0
18,60,-3,0,0
18,72,-2,0,0
18,84,-1,0,0
18,96,0,3.3114466593051666e-5,7.338946770593007e-8
18,108,1,0.013726370220096666,5.6434374102546496e-5
18,120,2,0.047630258306665,2.0987942776803774e-4
18,132,3,0.09898260586045167,3.846125942522121e-4
18,144,4,0.1717944992891,4.6258578462310266e-4
18,156,5,0.28305497731715,4.3928571482708715e-4
18,168,6,0.4597643726578,0.0020726217829771095
18,180,7,0.7121749011457833,0.005118845186157379
18,192,8,0.856519622458775,0.0075508767416568945
18,204,9,0.9416111850419914,0.0109245597485138
18,216,10,1.0830322195953,0.01112319078050395
18,228,11,1.207497180277541,0.006965418581980152
18,240,12,1.3275403704008217,0.006912195967196727
18,252,13,1.445855719608011,0.012281322212127735
18,264,14,1.5201679167459785,0.008533269864369145
18,276,15,1.5643160584113536,0.009165772399664669
18,288,16,1.567766616443187,0.015888831088679282
18,300,17,1.5353825659807163,0.012717964224108244
18,312,18,1.4678753169747276,0.014038159024964185
18,324,19,1.3688169664060572,0.012445379819801893
18,336,20,1.2600435276188682,0.009845228063677195
18,348,21,1.1601850818087645,0.01018586222610984
18,360,22,1.0673873750803082,0.008909338481227061
18,372,23,0.9826105766655532,0.007151156225724412
18,384,24,0.9049906860886386,0.006784947468252838
18,396,25,0.8326051060245789,0.0067549721902601416
18,408,26,0.7660827089307938,0.006512352267568301
18,420,27,0.7033204900106113,0.006534514952886511
18,432,28,0.6471049661928832,0.006372267355420598
18,444,29,0.5936439061728497,0.0056192600751943525
18,456,30,0.5456825569298238,0.004986146179190085
18,468,31,0.5015483914593863,0.0049327830086486075
18,480,32,0.4598644856587864,0.00498834702276243
18,492,33,0.4228540853511116,0.00456222715983054
18,504,34,0.388627939413286,0.003941638723945602
18,516,35,0.3567813134847672,0.0038205470930997034
18,528,36,0.3278025869426179,0.0036907782517925027
18,540,37,0.30080893020738614,0.0030900522814789172
18,552,38,0.2760914880766424,0.002799058303684837
18,564,39,0.2535397984111796,0.002368074420155539
18,576,40,0.232818638908367,0.0023166754439951434
18,588,41,0.2137252589426328,0.002155977912110506
18,600,42,0.19612138312504493,0.0018118412055459995
18,612,43,0.18013092349064325,0.0017507724661166707
18,624,44,0.16534839572664337,0.0016230985203156301
18,636,45,0.15185987569658657,0.0016746532249640644
18,648,46,0.1393668447971474,0.0013802929393533852
18,660,47,0.12809071776653108,0.0012872728524936077
18,672,48,0.1177718488597129,0.0011766577958237832
18,684,49,0.10823064165825287,0.00110155248822331
18,696,50,0.09945399190526213,9.443694974415724e-4
18,708,51,0.09133227121499547,9.891747343088416e-4
18,720,52,0.0839440851705026,9.036615752681103e-4
18,732,53,0.07699506168404027,8.338725570475246e-4
18,744,54,0.07073994388637499,7.207555271386236e-4
18,756,55,0.06493196830146775,6.579801587184405e-4
18,768,56,0.05963864815542285,5.419840088970959e-4
18,780,57,0.05480343664725915,5.060199383098338e-4
18,792,58,0.05034700749380058,4.970405361057522e-4
18,804,59,0.04620868104574149,4.4473040938235105e-4
18,816,60,0.042441448192956165,3.8744453170040243e-4
18,828,61,0.039015812209658954,3.5507624618167624e-4
18,840,62,0.03587503017550618,3.4109240061013635e-4
18,852,63,0.032987914006822064,3.213352620025752e-4
18,864,64,0.030307253184998256,2.4090306222953098e-4
18,876,65,0.027853336267001698,2.3164878465485182e-4
18,888,66,0.025585486714785836,1.8272120019315716e-4
18,900,67,0.023500301277675537,1.4827618478932393e-4
18,912,68,0.021599549247015425,1.4341785114140823e-4
18,924,69,0.019847729113452017,1.5070995685314783e-4
18,936,70,0.018241971169227017,1.414808158223011e-4
18,948,71,0.01678310577310372,1.2882858072335958e-4
18,960,72,0.015440561329822038,1.1749471310795056e-4
18,972,73,0.01420152178799061,1.0880773240651371e-4
18,984,74,0.013062272590200355,9.971390871016233e-5
18,996,75,0.012016610630596378,9.188289812297844e-5
18,1008,76,0.011053909122850696,8.508212650457028e-5
18,1020,77,0.010164847527318562,7.56606372093394e-5
18,1032,78,0.009345147462717009,7.262826037077478e-5
18,1044,79,0.008595309334411654,6.840951562540193e-5
18,1056,80,0.007906934154209856,6.124269982589989e-5
18,1068,81,0.007269689670186051,5.492324845038072e-5
18,1080,82,0.006688578299411403,5.074918638369455e-5
18,1092,83,0.006150883415738027,4.7563182906367723e-5
18,1104,84,0.005658816807854914,4.346590293733804e-5
18,1116,85,0.005204929268822194,4.2245182843913925e-5
18,1128,86,0.004788151527725643,3.890086011602525e-5
18,1140,87,0.004405474308435884,3.5851021650735884e-5
18,1152,88,0.00405005783509939,3.477662803642211e-5
18,1164,89,0.003725578190724126,3.19921693341622e-5
18,1176,90,0.0034254871954954914,2.69471696791682e-5
18,1188,91,0.0031505587757067544,2.378677119593138e-5
18,1200,92,0.0028986542379343776,2.188488692931954e-5
18,1212,93,0.0026658129828611853,2.0144604146956047e-5
18,1224,94,0.0024516350185463673,1.728884199968826e-5
18,1236,95,0.0022556132208401826,1.5906502943647402e-5
18,1248,96,0.0020753233362160043,1.4604487038055235e-5
18,1260,97,0.001908610723232433,1.3546686654373664e-5
18,1272,98,0.0017558162710807341,1.2266977865170215e-5
18,1284,99,0.0016152771227732677,1.1114571778129678e-5
18,1296,100,0.0014861005306108395,1.0186983706076966e-5
18,1308,101,0.001367202415117883,9.382038866584999e-6
18,1320,102,0.001257741051881484,8.81406293239726e-6
18,1332,103,0.001156477391958247,7.92432413799441e-6
18,1344,104,0.00106330782090954,6.517994495846268e-6
18,1356,105,9.778896749795462e-4,6.047862758869713e-6
18,1368,106,8.996344860318591e-4,5.466899193492959e-6
18,1380,107,8.274880360653952e-4,5.288001897278194e-6
18,1392,108,7.607723738039365e-4,5.1327691375376495e-6
18,1404,109,6.996908241055763e-4,4.799631259381565e-6
18,1416,110,6.437466405630835e-4,4.415873964377015e-6
18,1428,111,5.922600038490169e-4,4.087760098425615e-6
18,1440,112,5.448885953720232e-4,3.739780378082787e-6
18,1452,113,5.012257704780015e-4,3.5570573180051578e-6
18,1464,114,4.608697016051644e-4,3.270295044716534e-6
18,1476,115,4.239215685301283e-4,2.880447976572998e-6
18,1488,116,3.9002017512705195e-4,2.650811939764676e-6
18,1500,117,3.5877501581660213e-4,2.3730535432358126e-6
18,1512,118,3.300449628425277e-4,2.1447082486165018e-06
18,1524,119,3.036587108169865e-4,1.9692396404417026e-6
18,1536,120,2.7934341968818713e-4,1.827980513551893e-6
18,1548,121,2.569434273883558e-4,1.6284895425562187e-6
18,1560,122,2.3639181535191472e-4,1.4985148487371831e-6
18,1572,123,2.1749097063491826e-4,1.3787002239263371e-6
18,1584,124,2.0005285372045058e-4,1.344681258953854e-6
18,1596,125,1.8406084022827473e-4,1.2328086061021456e-6
18,1608,126,1.6934414895220667e-4,1.134238679513346e-6
18,1620,127,1.5577455695999808e-4,1.0853076496138716e-6
18,1632,128,1.4331951186327376e-4,9.985312467114182e-7
18,1644,129,1.3186031712280116e-4,9.186931013053965e-7
18,1656,130,1.2129273953811113e-4,8.575790098033569e-7
18,1668,131,1.1158810554010235e-4,7.997871880873522e-7
18,1680,132,1.0264340718349595e-4,7.190905408511518e-7
18,1692,133,9.441437855408926e-5,6.75561221059244e-7
18,1704,134,8.685199515953266e-5,6.093791107244888e-7
18,1716,135,7.989456693657127e-5,5.521179019398275e-7
18,1728,136,7.350655046452147e-5,5.079729948204698e-7
18,1740,137,6.762935524638489e-5,4.672642336073275e-7
18,1752,138,6.220623515993816e-5,4.5613153532558036e-7
18,1764,139,5.7232499521112764e-5,4.196612735577903e-7
18,1776,140,5.2656441801847946e-5,3.8610701281872873e-7
18,1788,141,4.844255572869552e-5,3.5340606052232624e-7
18,1800,142,4.4569303067096856e-5,3.251492738659021e-7
18,1812,143,4.100246568927003e-5,3.0435256298820944e-7
18,1824,144,3.77173994613277e-5,2.902471396095028e-7
18,1836,145,3.470168289421352e-5,2.6704026106542804e-7
18,1848,146,3.192708969562055e-5,2.4568890203517846e-7
18,1860,147,2.9374340706789594e-5,2.2604470324002533e-7
18,1872,148,2.7025698244960487e-5,2.0797116770510869e-7
18,1884,149,2.4859747739188618e-5,1.8869229004559382e-7
18,1896,150,2.287207217855716e-5,1.7360528855266442e-7
18,1908,151,2.1043322371226534e-5,1.597245769734744e-7
18,1920,152,1.9360791316310114e-5,1.4695370564567254e-7
18,1932,153,1.781299605917732e-5,1.3531063678843152e-7
18,1944,154,1.6388747619563865e-5,1.244917963988792e-7
18,1956,155,1.507837579070096e-5,1.1453798242178355e-7
18,1968,156,1.3871757432850532e-5,1.0709449683265805e-7
18,1980,157,1.2762633015259274e-5,9.853169415503844e-8
18,1992,158,1.1742189284290872e-5,9.06535353336054e-8
18,2004,159,1.0799204201826824e-5,7.907412472268534e-8
18,2016,160,9.935747561290872e-6,7.275170726223584e-8
18,2028,161,9.1398278527063e-6,6.848930395623546e-8
18,2040,162,8.409047611433542e-6,6.301320191650332e-8
18,2052,163,7.736697328527724e-6,5.797494478189283e-8
18,2064,164,7.118105202737059e-6,5.3339524405170065e-8
18,2076,165,6.548972969473435e-6,4.907473177753065e-8
18,2088,166,6.0253460342407704e-6,4.515093310375882e-8
18,2100,167,5.543134495839637e-6,4.0939085868457386e-8
18,2112,168,5.099717243854272e-6,3.7631062839676646e-8
24,0,-8,0,0
24,12,-7,0,0
24,24,-6,0,0
24,36,-5,0,0
24,48,-4,0,0
24,60,-3,0,0
24,72,-2,0,0
24,84,-1,0,0
24,96,0,3.3114075529486665e-5,4.5590748457069494e-8
24,108,1,0.013744876112268333,4.821328889621449e-5
24,120,2,0.047690678416133336,1.7183452143015803e-4
24,132,3,0.09907218959531,3.1793935518349074e-4
24,144,4,0.17186525811526665,4.020416877549498e-4
24,156,5,0.28291321168955,8.55122402219178e-4
24,168,6,0.45896735358438334,0.0029807633642057953
24,180,7,0.7103183829658166,0.006222224514495013
24,192,8,0.8535715401530289,0.005879174725111394
24,204,9,0.9495376683398207,0.01197345184491314
24,216,10,1.0784477838671465,0.014976758275050659
24,228,11,1.2037077958248936,0.010913274975437523
24,240,12,1.3334986161321631,0.007613639865775622
24,252,13,1.4399424164875902,0.01241121759983442
24,264,14,1.5225436920581468,0.010316438957263236
24,276,15,1.5676279158743647,0.01689487218977358
24,288,16,1.5726872185748486,0.012736182594069325
24,300,17,1.542782271045289,0.010222128336494413
24,312,18,1.4809482575568453,0.010667168699330125
24,324,19,1.4001659515077294,0.010008670046400004
24,336,20,1.3144137038979833,0.01163978337419745
24,348,21,1.226560924568245,0.012294616203902098
24,360,22,1.1410152953039934,0.011312353355264048
24,372,23,1.0597273771470619,0.010484400489070355
24,384,24,0.9845722041999726,0.007731838324510701
24,396,25,0.9059664247862038,0.006240241538433402
24,408,26,0.832114957717358,0.005313618900169219
24,420,27,0.764672170080013,0.004690487272876813
24,432,28,0.7026481700590786,0.004573768202479443
24,444,29,0.6448290053192708,0.003330162265804963
24,456,30,0.5925127071008238,0.0029376174105770598
24,468,31,0.5447490529749657,0.0023349183375649374
24,480,32,0.500250592211816,0.001907361734550044
24,492,33,0.45920516054255045,0.002260617000994333
24,504,34,0.4224100813931123,0.00215172156042553
24,516,35,0.38831168035291025,0.0018205988295253157
24,528,36,0.35682694350519867,0.0015273704899453427
24,540,37,0.3278139098886694,0.0015253227163284399
24,552,38,0.30110401533061076,0.0016570573635900172
24,564,39,0.27652021456423515,0.0013996423311133993
24,576,40,0.25406814154607654,0.0010890300344509713
24,588,41,0.2331863754622272,0.0010172341111792105
24,600,42,0.2144264881599042,9.505239542217115e-4
24,612,43,0.19680703761331603,0.0010367515897018286
24,624,44,0.18073805119369316,8.533740664696609e-4
24,636,45,0.16613721501962614,8.738368691872186e-4
24,648,46,0.1526337992354429,8.172653308734302e-4
24,660,47,0.14031690694410107,7.789555746418701e-4
24,672,48,0.12892819731964783,6.841044959353132e-4
24,684,49,0.11850858830113917,6.684043316984507e-4
24,696,50,0.10893476256362147,6.36779354755737e-4
24,708,51,0.10009378353680291,5.177859290301643e-4
24,720,52,0.09207192541011477,4.746454937286889e-4
24,732,53,0.0846797197266344,4.379737212432808e-4
24,744,54,0.0778053666052576,4.220798934122199e-4
24,756,55,0.0715222245682708,3.537978153736628e-4
24,768,56,0.06570926437448105,2.97899088951536e-4
24,780,57,0.06038258955625606,2.3121239763219037e-4
24,792,58,0.05548370021528498,1.72609831034221e-4
24,804,59,0.05099332371043605,1.303225698971171e-4
24,816,60,0.04688427235052053,1.5147460797801783e-4
24,828,61,0.043102736168407076,1.3678822772979188e-4
24,840,62,0.03962590066060959,1.132345968577133e-4
24,852,63,0.03641721124227939,1.270558983161947e-4
24,864,64,0.0334734707639556,1.0598245689962628e-4
24,876,65,0.030757554583714,8.757951073039203e-5
24,888,66,0.02827934892166013,8.477508748629077e-5
24,900,67,0.026004723491134415,8.105338209986784e-5
24,912,68,0.023910640180322257,7.702676564618146e-5
24,924,69,0.021991435478382344,7.404054091242942e-5
24,936,70,0.020232713840615594,6.994518742877225e-5
24,948,71,0.018612950349390544,6.290455076848631e-5
24,960,72,0.017113589085937252,6.94761067269419e-5
24,972,73,0.015739461559826636,6.334712144048189e-5
24,984,74,0.01448088981754297,5.790880534482667e-5
24,996,75,0.013320082814873678,5.243960508969482e-5
24,1008,76,0.012243936908740493,4.600860156904014e-5
24,1020,77,0.011263245585829001,4.242002394360958e-5
24,1032,78,0.010358417976721957,3.342423474432135e-5
24,1044,79,0.00952830842149407,2.8969760859500228e-5
24,1056,80,0.008765074748682078,2.6921733855692298e-5
24,1068,81,0.0080621333823599,2.505830236390582e-5
24,1080,82,0.007415002262955365,2.2375028873549105e-5
24,1092,83,0.006820789915677638,2.2626004462676258e-5
24,1104,84,0.006273269798164934,2.0531621570201512e-5
24,1116,85,0.005771374100152781,1.889466746812016e-5
24,1128,86,0.005307946959116759,1.8017899596677997e-5
24,1140,87,0.004881910685082833,1.7031978288152537e-5
24,1152,88,0.004490190407505321,1.4658711642024539e-5
24,1164,89,0.004129274179358367,1.4786335496543287e-5
24,1176,90,0.0037981041634086794,1.2952029208567103e-5
24,1188,91,0.0034939229038561115,1.2988290027465445e-5
24,1200,92,0.0032139068947128085,1.2793194267067755e-5
24,1212,93,0.002955721172149213,1.1417745404234416e-5
24,1224,94,0.002718185486586111,9.943147410409845e-6
24,1236,95,0.0025001569596338476,9.158755987561461e-6
24,1248,96,0.002300019609127547,8.294809517779545e-6
24,1260,97,0.0021159421905618445,7.881554385138715e-6
24,1272,98,0.0019459719742367255,7.511547607508365e-6
24,1284,99,0.0017893852785499263,6.533002174668656e-6
24,1296,100,0.0016463139663877183,6.010652246718791e-6
24,1308,101,0.0015145044446527203,5.432187990006135e-6
24,1320,102,0.001393167156526169,4.793158894520926e-6
24,1332,103,0.0012816340061553074,4.301419231726066e-6
24,1344,104,0.0011791334933596805,3.990208804987646e-6
24,1356,105,0.001084855198037394,3.6711693490616354e-6
24,1368,106,9.981149768823103e-4,3.377638865004153e-6
24,1380,107,9.179880267183234e-4,3.2910103181957754e-6
24,1392,108,8.445897647798561e-4,3.0278756811744105e-6
24,1404,109,7.768526025926668e-4,2.639283768306947e-6
24,1416,110,7.147189954699992e-4,2.448906311180573e-6
24,1428,111,6.574379539703698e-4,2.2368319939253067e-6
24,1440,112,6.047288648756309e-4,2.132213408462801e-6
24,1452,113,5.562435607194762e-4,1.962802589924444e-6
24,1464,114,5.117508785229779e-4,1.8459954227669277e-6
24,1476,115,4.70816930054112e-4,1.7117139449903942e-6
24,1488,116,4.3304052241386774e-4,1.5951539848386521e-6
24,1500,117,3.984165164588687e-4,1.4676125233268704e-6
24,1512,118,3.665200045113104e-4,1.3122349564356124e-6
24,1524,119,3.3718727477594415e-4,1.1821328508598698e-6
24,1536,120,3.1018100830093983e-4,1.075365744384316e-6
24,1548,121,2.8524860585605976e-4,1.1620833323657096e-6
24,1560,122,2.6240944386014283e-4,1.1511858672220924e-6
24,1572,123,2.4141641636438426e-4,1.0506625568245295e-6
24,1584,124,2.2211238400097097e-4,9.65207278011529e-7
24,1596,125,2.0431340152284792e-4,8.912161603003723e-7
24,1608,126,1.879757566589867e-4,8.195888617669587e-7
24,1620,127,1.7293201913909912e-4,7.451383886918925e-7
24,1632,128,1.5910513919259288e-4,6.85560415878513e-7
24,1644,129,1.4638436412413107e-4,6.303492333178507e-7
24,1656,130,1.3466939536297505e-4,5.84265933927984e-7
24,1668,131,1.239018256970886e-4,5.375506121836138e-7
24,1680,132,1.1399057472490785e-4,5.063435084042575e-7
24,1692,133,1.0487678798798712e-4,4.6608116085455235e-7
24,1704,134,9.647160287261897e-5,4.246266753771008e-7
24,1716,135,8.87539739829372e-5,3.8683175698359286e-7
24,1728,136,8.164659879578708e-5,3.46075962756133e-7
24,1740,137,7.511223428602367e-5,3.1365702322358924e-7
24,1752,138,6.910045158396053e-5,2.9290047644297225e-7
24,1764,139,6.35754848688298e-5,2.6948144883398246e-7
24,1776,140,5.84880227250752e-5,2.4564695796229137e-7
24,1788,141,5.3811578918872507e-5,2.2600611287906887e-7
24,1800,142,4.950218014458646e-5,2.125431518543112e-7
24,1812,143,4.554420459755527e-5,1.9554914076710054e-7
24,1824,144,4.190269128260535e-5,1.7991389572027486e-7
24,1836,145,3.855233727839474e-5,1.655287756723368e-7
24,1848,146,3.546284059592378e-5,1.5335137510656425e-7
24,1860,147,3.2627388591407077e-5,1.410900769261001e-7
24,1872,148,3.0017074421125757e-5,1.2783393501693003e-7
24,1884,149,2.7616064437226105e-5,1.16470820078625e-7
24,1896,150,2.540800597519092e-5,1.0715832818883453e-7
24,1908,151,2.3374450499942503e-5,9.770565363395801e-8
24,1920,152,2.1504745459671086e-5,8.966767369804399e-8
24,1932,153,1.978532105381966e-5,8.249824294328599e-8
24,1944,154,1.820337422425819e-5,7.590204793016028e-8
24,1956,155,1.6747912871727402e-5,6.98332557906732e-8
24,1968,156,1.540882377663937e-5,6.424969718468766e-8
24,1980,157,1.4176802327268032e-5,5.9112575320694596e-8
24,1992,158,1.304308536370904e-5,5.490196687281091e-8
24,2004,159,1.2000217902412e-5,5.051224823964766e-8
24,2016,160,1.1039683382198898e-5,4.725923785866079e-8
24,2028,161,1.0156766682661944e-5,4.352645099626579e-8
24,2040,162,9.344676506902178e-6,4.004626836459096e-8
24,2052,163,8.597517472563537e-6,3.684434574566831e-8
24,2064,164,7.909366150699892e-6,3.3297238903178116e-8
24,2076,165,7.276863988254865e-6,3.055032856942423e-8
24,2088,166,6.6944358618716835e-6,2.7420401283801028e-8
24,2100,167,6.159178356655474e-6,2.5227987191178276e-8
24,2112,168,5.666308720064523e-6,2.3315025672537584e-8
48,0,-8,0,0
48,12,-7,0,0
48,24,-6,0,0
48,36,-5,0,0
48,48,-4,0,0
48,60,-3,0,0
48,72,-2,0,0
48,84,-1,0,0
48,96,0,3.3098150226711666e-5,6.965542387854892e-8
48,108,1,0.01374211555643,4.260250634587139e-5
48,120,2,0.04768757796606833,1.6865105073071888e-4
48,132,3,0.09909091062978166,3.1110260074563683e-4
48,144,4,0.1719154823677,3.779964768372812e-4
48,156,5,0.2830133412215667,7.241157571769677e-4
48,168,6,0.45912402103613337,0.0025373056257524712
48,180,7,0.7105819442134167,0.005612031757995267
48,192,8,0.8561743038805061,0.014881258317280195
48,204,9,0.9467493148591891,0.013781021141976815
48,216,10,1.078255014766423,0.009761621494222734
48,228,11,1.2082306302086976,0.01196478390252377
48,240,12,1.3455081830570539,0.01428396388658186
48,252,13,1.440242140289657,0.013688536945081228
48,264,14,1.5179123372694217,0.010361673190989816
48,276,15,1.559893645965427,0.011486438579067644
48,288,16,1.5629923501549043,0.015591473628702087
48,300,17,1.5325991533509562,0.008712726939684433
48,312,18,1.4729900052037017,0.008180618349525996
48,324,19,1.3919829493814613,0.0056690295005651994
48,336,20,1.3093683668907794,0.007252838434779542
48,348,21,1.2249426706088593,0.007405384076012001
48,360,22,1.1417366390613612,0.008850468813667453
48,372,23,1.0600917353974424,0.007700326230090756
48,384,24,0.9831246247561027,0.007132684274975439
48,396,25,0.9100223835321029,0.0051809676574765375
48,408,26,0.842014810214334,0.006972709731123252
48,420,27,0.7782552005117468,0.007112568721789273
48,432,28,0.7191805710447092,0.007099903640041836
48,444,29,0.6634103572442358,0.0060047859128234465
48,456,30,0.6115997034120059,0.0044431277990981625
48,468,31,0.5636614817320501,0.00426398951393238
48,480,32,0.5196820058424034,0.0040096661965881185
48,492,33,0.47925978209317066,0.003918705611866903
48,504,34,0.44159474506408053,0.003962926903270896
48,516,35,0.4066189803642846,0.003558060993293038
48,528,36,0.3743889808394867,0.0034385828869177033
48,540,37,0.344642901775445,0.0028097906092138204
48,552,38,0.31713742611570084,0.002408841272999146
48,564,39,0.29139165491966995,0.0024587772888335657
48,576,40,0.26791693093393676,0.002006802497283082
48,588,41,0.246428287189964,0.0019861581464913104
48,600,42,0.22662122330514312,0.0017581087653533094
48,612,43,0.2083730246054633,0.0015694605784800776
48,624,44,0.1916868888988194,0.0013668609250913105
48,636,45,0.1762295064595038,0.001219866934523336
48,648,46,0.16208994507700225,0.0010008009549957219
48,660,47,0.14910607253693295,9.463405716473857e-4
48,672,48,0.13707081344172717,8.702308027145506e-4
48,684,49,0.12595993967508395,7.913523096012444e-4
48,696,50,0.11580402414767717,6.73740602322219e-4
48,708,51,0.1065170686671968,6.065650495999925e-4
48,720,52,0.09787273437972555,4.3323388412980945e-4
48,732,53,0.08996170911533363,3.222780634509325e-4
48,744,54,0.08270619897927062,2.7984339550451363e-4
48,756,55,0.07603057083959727,2.3474647738042575e-4
48,768,56,0.06991122192930566,2.1645099161239482e-4
48,780,57,0.06427592438518337,2.0013364727062066e-4
48,792,58,0.059099047410287674,1.6910100412906686e-4
48,804,59,0.05432788548918254,1.6835757462946248e-4
48,816,60,0.04996000860565196,1.5272180871785384e-4
48,828,61,0.04589788001696123,1.3887679029948773e-4
48,840,62,0.04222040069646885,1.257726690815002e-4
48,852,63,0.03881396379002872,1.2528268295341715e-4
48,864,64,0.03567079406164343,1.384016930797573e-4
48,876,65,0.03279078951032182,1.198323493381988e-4
48,888,66,0.030146169631758726,1.1192462888122835e-4
48,900,67,0.027720713494046357,1.1088690351465193e-4
48,912,68,0.025483086292855832,6.970173448156146e-5
48,924,69,0.023413599110154885,6.042864158510929e-5
48,936,70,0.021530713047924283,5.5441320176197885e-5
48,948,71,0.019805599665777503,4.7662657164409464e-5
48,960,72,0.01821908535145826,4.6054174030724385e-5
48,972,73,0.016761539009890733,4.204831127311968e-5
48,984,74,0.015413974897319499,3.3074001566696014e-5
48,996,75,0.01417885670169298,3.223315988690618e-5
48,1008,76,0.013044680100088616,2.9844896174206087e-5
48,1020,77,0.011999803813878083,2.627221041634448e-5
48,1032,78,0.011039318986840714,2.507548986171844e-5
48,1044,79,0.010156667265134698,2.3070560067567394e-5
48,1056,80,0.00934251294583741,2.2159761878094524e-5
48,1068,81,0.008594334930026676,2.0189680346204608e-5
48,1080,82,0.007906105894824805,1.905092498112976e-5
48,1092,83,0.007273262359772971,1.7959766957394812e-5
48,1104,84,0.006691711008027306,1.6515259777758282e-5
48,1116,85,0.006154064698373304,1.5398617359001693e-5
48,1128,86,0.005660818596482256,1.5049605873052383e-5
48,1140,87,0.005207799109199723,1.3804840916761294e-5
48,1152,88,0.004790719709325639,1.2803103429731757e-5
48,1164,89,0.004407675221477468,1.1779423942937483e-5
48,1176,90,0.0040542335171277364,1.0907719509905993e-5
48,1188,91,0.003729534154744215,9.430815144216391e-6
48,1200,92,0.003430401210076309,8.924031288048473e-6
48,1212,93,0.0031552522704212447,8.69469372365335e-6
48,1224,94,0.002902820937502904,8.139646020518048e-6
48,1236,95,0.0026707242689823643,7.4888359607758544e-6
48,1248,96,0.0024566673776686646,5.560054970389079e-6
48,1260,97,0.0022601353272310746,5.2840018715951646e-6
48,1272,98,0.0020791856466729312,4.618116000484715e-6
48,1284,99,0.001912353457834093,5.0257382933865705e-6
48,1296,100,0.0017591314603173903,4.141630703779491e-6
48,1308,101,0.0016183163959012038,4.089194106756865e-6
48,1320,102,0.0014881764939227798,4.050763411306501e-6
48,1332,103,0.0013691809419553154,3.7404398228495012e-6
48,1344,104,0.0012596190911946335,3.3635633086318707e-6
48,1356,105,0.0011586366279580636,2.9422513879003665e-6
48,1368,106,0.001065872585684296,2.6290620890830964e-6
48,1380,107,9.805684201488142e-4,2.425455301145995e-6
48,1392,108,9.020674037030711e-4,2.144499463078623e-6
48,1404,109,8.298731776420043e-4,2.075959806694477e-6
48,1416,110,7.633837165833428e-4,1.8289421968372492e-6
48,1428,111,7.023469295965437e-4,1.682708063624435e-6
48,1440,112,6.461903740809222e-4,1.5481661629610274e-6
48,1452,113,5.945167090801299e-4,1.4355140422879495e-6
48,1464,114,5.468104484796869e-4,1.4804396223689737e-6
48,1476,115,5.030468245954879e-4,1.3254970084888693e-6
48,1488,116,4.6271945158895617e-4,1.1639390801118832e-6
48,1500,117,4.256705700505898e-4,1.0812774806502693e-6
48,1512,118,3.9160734855984324e-4,1.0033293763234633e-6
48,1524,119,3.6026454170311043e-4,9.070875472024743e-7
48,1536,120,3.314458324407548e-4,8.310881439793826e-7
48,1548,121,3.049393089919027e-4,7.710326513982184e-7
48,1560,122,2.805535777286098e-4,7.173842645884329e-7
48,1572,123,2.581217536289548e-4,6.600253882466531e-7
48,1584,124,2.3743889831538182e-4,6.973907081903772e-7
48,1596,125,2.1845433341159492e-4,6.416304293774958e-7
48,1608,126,2.0096104255444309e-4,6.099981298949999e-7
48,1620,127,1.848523645146167e-4,5.685859465241293e-7
48,1632,128,1.7007238642698075e-4,5.231243267110086e-7
48,1644,129,1.564679164787297e-4,4.7595905775046685e-7
48,1656,130,1.4394781945036922e-4,4.4620484785975365e-7
48,1668,131,1.3241500083387267e-4,3.9118739025801355e-7
48,1680,132,1.2182110465862859e-4,3.5283731238125225e-7
48,1692,133,1.1207169985849336e-4,3.220758461438561e-7
48,1704,134,1.0310190574195096e-4,2.844322474675244e-7
48,1716,135,9.485833302460178e-5,2.6169030155843113e-7
48,1728,136,8.726171717064988e-5,2.416491859937979e-7
48,1740,137,8.028040670572805e-5,2.2260130137444465e-7
48,1752,138,7.38572569789015e-5,2.1221221788748561e-7
48,1764,139,6.795195712674373e-5,1.9524466696637735e-7
48,1776,140,6.251881895204077e-5,1.7963376619365243e-7
48,1788,141,5.7507761560487615e-5,1.669451759037651e-7
48,1800,142,5.290331730484934e-5,1.4719067982334534e-7
48,1812,143,4.8669083456101165e-5,1.3258425800136356e-07
48,1824,144,4.4777718638124535e-5,1.2198340673216835e-7
48,1836,145,4.119749015275964e-5,1.1223015257012337e-7
48,1848,146,3.7903520914166666e-5,1.0325672547826466e-7
48,1860,147,3.486979123326682e-5,9.74984407284312e-8
48,1872,148,3.208175683462969e-5,8.970289629321393e-8
48,1884,149,2.9515395612671126e-5,8.102674427759825e-8
48,1896,150,2.7155475023966732e-5,7.454820398341771e-8
48,1908,151,2.4984243255631035e-5,6.858765894786844e-8
48,1920,152,2.2982451834908607e-5,5.794884345808661e-8
48,1932,153,2.1142872672568298e-5,5.1848875485346246e-8
48,1944,154,1.9452382015371308e-5,4.77032686338696e-8
48,1956,155,1.7897055519992387e-5,4.388912614300274e-8
48,1968,156,1.646608605726062e-5,4.0379945567699554e-8
48,1980,157,1.514809182620534e-5,3.7806318677387657e-8
48,1992,158,1.3936917351404702e-5,3.47834925230052e-8
48,2004,159,1.282264679570272e-5,3.207779221330986e-8
48,2016,160,1.1796551243010951e-5,3.049745804282722e-8
48,2028,161,1.085214341318114e-5,3.0813778738314875e-8
48,2040,162,9.984453987358033e-6,2.835004520048989e-8
48,2052,163,9.186141173204238e-6,2.6083300872599028e-8
48,2064,164,8.451033548829155e-6,2.337031647548952e-8
48,2076,165,7.774860148497225e-6,2.103883543450102e-8
48,2088,166,7.152155470464239e-6,1.9253586393273303e-8
48,2100,167,6.58030072825278e-6,1.7714154707467344e-8
48,2112,168,6.053884537953729e-6,1.6342063917299854e-8
