exposure,time,real_time,Pin_mean,Pin_sd
0,0,-8,0,0
0,12,-7,0,0
0,24,-6,0,0
0,36,-5,0,0
0,48,-4,0,0
0,60,-3,0,0
0,72,-2,0,0
0,84,-1,0,0
0,96,0,0,0
0,108,1,0,0
0,120,2,0,0
0,132,3,0,0
0,144,4,0,0
0,156,5,0,0
0,168,6,0,0
0,180,7,0,0
0,192,8,0,0
0,204,9,0,0
0,216,10,0,0
0,228,11,0,0
0,240,12,0,0
0,252,13,0,0
0,264,14,0,0
0,276,15,0,0
0,288,16,0,0
0,300,17,0,0
0,312,18,0,0
0,324,19,0,0
0,336,20,0,0
0,348,21,0,0
0,360,22,0,0
0,372,23,0,0
0,384,24,0,0
0,396,25,0,0
0,408,26,0,0
0,420,27,0,0
0,432,28,0,0
0,444,29,0,0
0,456,30,0,0
0,468,31,0,0
0,480,32,0,0
0,492,33,0,0
0,504,34,0,0
0,516,35,0,0
0,528,36,0,0
0,540,37,0,0
0,552,38,0,0
0,564,39,0,0
0,576,40,0,0
0,588,41,0,0
0,600,42,0,0
0,612,43,0,0
0,624,44,0,0
0,636,45,0,0
0,648,46,0,0
0,660,47,0,0
0,672,48,0,0
0,684,49,0,0
0,696,50,0,0
0,708,51,0,0
0,720,52,0,0
0,732,53,0,0
0,744,54,0,0
0,756,55,0,0
0,768,56,0,0
0,780,57,0,0
0,792,58,0,0
0,804,59,0,0
0,816,60,0,0
0,828,61,0,0
0,840,62,0,0
0,852,63,0,0
0,864,64,0,0
0,876,65,0,0
0,888,66,0,0
0,900,67,0,0
0,912,68,0,0
0,924,69,0,0
0,936,70,0,0
0,948,71,0,0
0,960,72,0,0
0,972,73,0,0
0,984,74,0,0
0,996,75,0,0
0,1008,76,0,0
0,1020,77,0,0
0,1032,78,0,0
0,1044,79,0,0
0,1056,80,0,0
0,1068,81,0,0
0,1080,82,0,0
0,1092,83,0,0
0,1104,84,0,0
0,1116,85,0,0
0,1128,86,0,0
0,1140,87,0,0
0,1152,88,0,0
0,1164,89,0,0
0,1176,90,0,0
0,1188,91,0,0
0,1200,92,0,0
0,1212,93,0,0
0,1224,94,0,0
0,1236,95,0,0
0,1248,96,0,0
0,1260,97,0,0
0,1272,98,0,0
0,1284,99,0,0
0,1296,100,0,0
0,1308,101,0,0
0,1320,102,0,0
0,1332,103,0,0
0,1344,104,0,0
0,1356,105,0,0
0,1368,106,0,0
0,1380,107,0,0
0,1392,108,0,0
0,1404,109,0,0
0,1416,110,0,0
0,1428,111,0,0
0,1440,112,0,0
0,1452,113,0,0
0,1464,114,0,0
0,1476,115,0,0
0,1488,116,0,0
0,1500,117,0,0
0,1512,118,0,0
0,1524,119,0,0
0,1536,120,0,0
0,1548,121,0,0
0,1560,122,0,0
0,1572,123,0,0
0,1584,124,0,0
0,1596,125,0,0
0,1608,126,0,0
0,1620,127,0,0
0,1632,128,0,0
0,1644,129,0,0
0,1656,130,0,0
0,1668,131,0,0
0,1680,132,0,0
0,1692,133,0,0
0,1704,134,0,0
0,1716,135,0,0
0,1728,136,0,0
0,1740,137,0,0
0,1752,138,0,0
0,1764,139,0,0
0,1776,140,0,0
0,1788,141,0,0
0,1800,142,0,0
0,1812,143,0,0
0,1824,144,0,0
0,1836,145,0,0
0,1848,146,0,0
0,1860,147,0,0
0,1872,148,0,0
0,1884,149,0,0
0,1896,150,0,0
0,1908,151,0,0
0,1920,152,0,0
0,1932,153,0,0
0,1944,154,0,0
0,1956,155,0,0
0,1968,156,0,0
0,1980,157,0,0
0,1992,158,0,0
0,2004,159,0,0
0,2016,160,0,0
0,2028,161,0,0
0,2040,162,0,0
0,2052,163,0,0
0,2064,164,0,0
0,2076,165,0,0
0,2088,166,0,0
0,2100,167,0,0
0,2112,168,0,0
250,0,-8,0,0
250,12,-7,0,0
250,24,-6,0,0
250,36,-5,0,0
250,48,-4,0,0
250,60,-3,0,0
250,72,-2,0,0
250,84,-1,0,0
250,96,0,9.778810124162334,2.8982164038978765e-6
250,108,1,95.16730175540833,0.00256363479412177
250,120,2,141.64455787486668,0.005871035489591481
250,132,3,164.73523865198334,0.007973267867870113
250,144,4,171.96798160933332,0.009247925329685477
250,156,5,169.1187906998,0.009305113949565546
250,168,6,160.31930284458332,0.009043398428435195
250,180,7,148.32578362446668,0.008306441414254965
250,192,8,134.91560582936665,0.00764291678269954
250,204,9,121.21074563378333,0.006767618267968396
250,216,10,107.8918031509,0.005944069184689096
250,228,11,95.35001198843167,0.005462000116444307
250,240,12,83.787232977955,0.004914735939904629
250,252,13,73.284730125405,0.0042056846075943215
250,264,14,63.84801729095,0.00361620095632439
250,276,15,55.437723891588334,0.0032317668079724503
250,288,16,47.989040469016665,0.0029487505589292184
250,300,17,41.424683733818334,0.0026997418236167723
250,312,18,35.66300939407,0.0024349315337674703
250,324,19,30.622897055048334,0.002243182161189472
250,336,20,26.227016015625,0.002071840228990394
250,348,21,22.403381271315,0.0019011422098629616
250,360,22,19.085948072765,0.0016956687098197958
250,372,23,16.214830054666667,0.0015198911844057227
250,384,24,13.73626792023,0.0013393454050694492
250,396,25,11.60208167731,0.0011832912963342386
250,408,26,9.769414794031833,0.0010352032625638447
250,420,27,8.200135602460666,9.15616828408733e-4
250,432,28,6.8604172926875,7.898857138811198e-4
250,444,29,5.7203310529815,6.848044316161356e-4
250,456,30,4.753392396144667,5.958370342308042e-4
250,468,31,3.9361963826321666,5.155888557617337e-4
250,480,32,3.2480896330726665,4.4536927512017196e-4
250,492,33,2.6708637575021665,3.803539360677803e-4
250,504,34,2.1885428711818333,3.215346665212852e-4
250,516,35,1.7871095118168334,2.6899003548397577e-4
250,528,36,1.4543268831536666,2.2567645457247755e-4
250,540,37,1.1795577110166666,1.8626769466371096e-4
250,552,38,0.9535879023656667,1.534304916672513e-4
250,564,39,0.76847589616635,1.2758035424034387e-4
250,576,40,0.6174172307298667,1.0622990306918004e-4
250,588,41,0.4946045886634667,8.899443170820161e-5
250,600,42,0.3951169060789167,7.280471082868677e-5
250,612,43,0.31480394986076665,5.866912542308952e-5
250,624,44,0.25018570923681666,4.7479340222869704e-5
250,636,45,0.1983591269378,3.8330845737371e-5
250,648,46,0.15691696448498332,3.126545353056621e-5
250,660,47,0.12387254667313333,2.557675795320397e-5
250,672,48,0.09759442072682,2.077130172725347e-5
250,684,49,0.07674950442634333,1.6572151654675e-5
250,696,50,0.0602531762114,1.2940896420175109e-5
250,708,51,0.04722697500222333,1.0163801360721427e-5
250,720,52,0.03696181055734,7.934721832652547e-6
250,732,53,0.028887924250296668,6.237295250670584e-6
250,744,54,0.022548841135931665,4.860875450082871e-6
250,756,55,0.017579938040105,3.754428282208166e-6
250,768,56,0.013690969790553334,2.8693828809526886e-6
250,780,57,0.0106515139389555,2.1813234253691085e-6
250,792,58,0.008279062956105667,1.645728689894182e-6
250,804,59,0.0064294842567326664,1.238760055143542e-6
250,816,60,0.004989133617326667,9.23897537504538e-7
250,828,61,0.0038686054115275002,7.05167724767175e-7
250,840,62,0.0029977029649746667,5.417158073177768e-7
250,852,63,0.0023214087520061666,4.1858081046191815e-7
250,864,64,0.0017966535825776667,3.2373794437501565e-7
250,876,65,0.0013897795575326666,2.502524033813792e-7
250,888,66,0.0010745205234782168,1.918547013420008e-7
250,900,67,8.304017374070833e-4,1.4614263466909135e-7
250,912,68,6.414776196975333e-4,1.1213518339973292e-7
250,924,69,4.953459001256333e-4,8.626194299256872e-8
250,936,70,0.00038236989850861666,6.668487205985185e-8
250,948,71,2.9506524786578335e-4,5.187853542414433e-8
250,960,72,2.276264661554e-4,4.0432316364120355e-8
250,972,73,1.7555357825148335e-4,3.1251168966129956e-8
250,984,74,1.3535901568748334e-4,2.41766614306793e-8
250,996,75,1.0434322905724e-4,1.8551927543319738e-8
250,1008,76,8.041703429650333e-5,1.4213106799948247e-8
250,1020,77,6.196501692989167e-5,1.0865789916186092e-8
250,1032,78,4.773832995278667e-5,8.363720727812186e-9
250,1044,79,3.6771948777126665e-5,6.4772939616738834e-9
250,1056,80,2.8320422564098333e-5,4.916942780406375e-9
250,1068,81,2.1808234758145e-5,3.774972628403872e-9
250,1080,82,1.6791333321723334e-5,2.903278953986887e-9
250,1092,83,1.2927043034504e-5,2.2291889059984312e-9
250,1104,84,9.950983977205167e-6,1.7005543994953247e-9
250,1116,85,7.659287472398166e-6,1.3130412276301509e-9
250,1128,86,5.894805029217833e-6,1.0157580892946066e-9
250,1140,87,4.536427264762e-6,7.814203612578495e-10
250,1152,88,3.4907934175471666e-6,6.132879219372605e-10
250,1164,89,2.685987080590333e-6,4.769348683865799e-10
250,1176,90,2.0665892002436664e-6,3.7004205248176443e-10
250,1188,91,1.5899292163233333e-6,2.823681077625791e-10
250,1200,92,1.2231437656716667e-6,2.161562256982755e-10
250,1212,93,9.409263490572167e-7,1.6564129304199973e-10
250,1224,94,7.237926648010666e-7,1.2737011847163907e-10
250,1236,95,5.567411774565667e-7,9.863734433943908e-11
250,1248,96,4.2822821614926664e-7,7.681920359071663e-11
250,1260,97,3.293678054525e-7,5.927660378461412e-11
250,1272,98,2.5332138045183334e-7,4.5789269927370585e-11
250,1284,99,1.9482726936716665e-7,3.543187201781952e-11
250,1296,100,1.498354352373e-7,2.7230211610974075e-11
250,1308,101,1.1523095300273e-7,2.0976833803148643e-11
250,1320,102,8.861623508467334e-8,1.61617810074883e-11
250,1332,103,6.814707693751333e-8,1.2417891891218071e-11
250,1344,104,5.240505749389e-8,9.592271589019217e-12
250,1356,105,4.029878153279167e-8,7.325700355851151e-12
250,1368,106,3.098865324142833e-8,5.620760064720322e-12
250,1380,107,2.3829004716241666e-8,4.298135388671895e-12
250,1392,108,1.8323287527378334e-8,3.3011656480851577e-12
250,1404,109,1.4089509515681667e-8,2.537569054904904e-12
250,1416,110,1.083387294084e-8,1.9511044171710657e-12
250,1428,111,8.330385384869334e-9,1.4964077887054316e-12
250,1440,112,6.405331435774333e-9,1.1493670582555732e-12
250,1452,113,4.925092178208e-9,8.748578063814945e-13
250,1464,114,3.786891066553667e-9,6.696521593605632e-13
250,1476,115,2.9117122038095e-9,5.118219962541349e-13
250,1488,116,2.238776032996e-9,3.9144176944539465e-13
250,1500,117,1.721350131144e-9,2.997331702360525e-13
250,1512,118,1.3235072016972332e-9,2.306321142938317e-13
250,1524,119,1.0176081693769e-9,1.7710041068223252e-13
250,1536,120,7.824068490144333e-10,1.368940481830536e-13
250,1548,121,6.0156509945495e-10,1.0599347088042652e-13
250,1560,122,4.6251957150323333e-10,8.190974580951331e-14
250,1572,123,3.556112843545e-10,6.332466315171521e-14
250,1584,124,2.734139369496333e-10,4.8576710699943185e-14
250,1596,125,2.1021528191856668e-10,3.750620544488146e-14
250,1608,126,1.616239297632e-10,2.883211143429296e-14
250,1620,127,1.2426443171605998e-10,2.1898539104793887e-14
250,1632,128,9.554021434058833e-11,1.662644925073636e-14
250,1644,129,7.345558264401334e-11,1.2911324652901053e-14
250,1656,130,5.647596225132833e-11,9.988178280352078e-15
250,1668,131,4.3421104643905004e-11,7.808142531187293e-15
250,1680,132,3.3383925219e-11,6.110548616508198e-15
250,1692,133,2.5666887002798332e-11,4.769299287651707e-15
250,1704,134,1.9733693362053334e-11,3.704180414776866e-15
250,1716,135,1.5172023677865667e-11,2.9063987352992255e-15
250,1728,136,1.1664832895587833e-11,2.2763803056633457e-15
250,1740,137,8.968357821411e-12,1.768962190426261e-15
250,1752,138,6.8952112677885e-12,1.3801918630256142e-15
250,1764,139,5.301300656123334e-12,1.0641567986435909e-15
250,1776,140,4.0758469014149995e-12,8.19421327071931e-16
250,1788,141,3.1336668221978333e-12,6.362031238297323e-16
250,1800,142,2.4092805596253332e-12,4.976876198956223e-16
250,1812,143,1.8523397865528334e-12,3.8938743269729063e-16
250,1824,144,1.4241432702194166e-12,3.06404115174424e-16
250,1836,145,1.0949300430427667e-12,2.386329775144896e-16
250,1848,146,8.418212385332334e-13,1.8710281027429232e-16
250,1860,147,6.472228286273e-13,1.4672794742836635e-16
250,1872,148,4.976075481601833e-13,1.1503018158577833e-16
250,1884,149,3.8257741703688335e-13,9.07922131093375e-17
250,1896,150,2.9413803734155e-13,7.144049597799845e-17
250,1908,151,2.2614303068028333e-13,5.607956243800016e-17
250,1920,152,1.7386687275849999e-13,4.4134762933183517e-17
250,1932,153,1.3367525292400168e-13,3.4864758876360825e-17
250,1944,154,1.0277435851669333e-13,2.750388921781748e-17
250,1956,155,7.9016510016865e-14,2.1520026036146897e-17
250,1968,156,6.075075780360833e-14,1.688488522088204e-17
250,1980,157,4.6707400448591666e-14,1.3300907315330639e-17
250,1992,158,3.5910331823526665e-14,1.0408515210042425e-17
250,2004,159,2.7609217196851666e-14,8.060856034208133e-18
250,2016,160,2.1227040491538332e-14,6.2183402128018875e-18
250,2028,161,1.6320151428540667e-14,4.803222611392155e-18
250,2040,162,1.2547540487111334e-14,3.705179476093466e-18
250,2052,163,9.647009602341666e-15,2.8664092759683312e-18
250,2064,164,7.416982648587334e-15,2.222105644051663e-18
250,2076,165,5.7024652826223336e-15,1.726689237805882e-18
250,2088,166,4.3842820218835e-15,1.345063854298112e-18
250,2100,167,3.370810895797667e-15,1.0453827831428275e-18
250,2112,168,2.5916106999041666e-15,8.088071092454251e-19
300,0,-8,0,0
300,12,-7,0,0
300,24,-6,0,0
300,36,-5,0,0
300,48,-4,0,0
300,60,-3,0,0
300,72,-2,0,0
300,84,-1,0,0
300,96,0,11.734604412866666,3.025335620347912e-6
300,108,1,114.54503689163333,0.00230069839833502
300,120,2,171.21953573228333,0.005935850034820897
300,132,3,199.30031769434999,0.009234306494570627
300,144,4,207.9999776395,0.011439905423609396
300,156,5,204.52541773438332,0.012567303074240588
300,168,6,193.90281626781666,0.013240408644829242
300,180,7,179.44968960648333,0.01322222045163624
300,192,8,163.30122087305,0.012637397988770333
300,204,9,146.80294057568332,0.011852981098263788
300,216,10,130.770960272,0.01098867579798589
300,228,11,115.67391392931667,0.010192075857805532
300,240,12,101.75286055437833,0.00943465961155106
300,252,13,89.10526422645667,0.008451159114493427
300,264,14,77.73716066901166,0.007401356081233903
300,276,15,67.60122805378167,0.006484627679146888
300,288,16,58.67251314171182,0.005609631884027084
300,300,17,50.77443207649592,0.0044958286444188094
300,312,18,43.82800069512982,0.004888847398560597
300,324,19,37.737185799882994,0.004121253344263618
300,336,20,32.414704170284956,0.0041619056641941776
300,348,21,27.776157876056857,0.004663222711792079
300,360,22,23.741189869456967,0.005064730068676123
300,372,23,20.242829522363284,0.004846918881934696
300,384,24,17.21208859491078,0.004423659719316954
300,396,25,14.595275983418905,0.0034721419696537065
300,408,26,12.340498432838125,0.0031561614977660174
300,420,27,10.403195511080083,0.0024376020701057637
300,432,28,8.742449559722816,0.0020182408342621205
300,444,29,7.323290167515406,0.0019176569070411592
300,456,30,6.114328762863672,0.001705464974571059
300,468,31,5.087720515678631,0.0015596777981946818
300,480,32,4.218882004490225,0.0012256095209222393
300,492,33,3.486191324781303,0.0010568943975874095
300,504,34,2.8706637010949048,9.056702566783628e-4
300,516,35,2.3555486442898106,7.744919271607868e-4
300,528,36,1.9261906296333156,6.457572285112026e-4
300,540,37,1.5696911735944008,5.756901732382558e-4
300,552,38,1.2748723850709476,4.835925876605666e-4
300,564,39,1.0320064356830598,4.062370860756986e-4
300,576,40,0.8327443645203029,3.3981852587409446e-4
300,588,41,0.669886917504209,2.838191035408474e-4
300,600,42,0.5372829272141282,2.3515078968374583e-4
300,612,43,0.4297072946886323,1.9411201403719158e-4
300,624,44,0.3427436977406456,1.5927268357010575e-4
300,636,45,0.272678669020786,1.2985323955121673e-4
300,648,46,0.21641041276875742,1.0555447785576521e-4
300,660,47,0.17136090224586603,8.553019624938243e-5
300,672,48,0.1353975799862909,6.923915706029084e-5
300,684,49,0.10676607946542793,5.597261955876547e-5
300,696,50,0.08403244593231157,4.1788154739030705e-5
300,708,51,0.06602291142058944,3.607661747697787e-5
300,720,52,0.051786637366608906,2.90548974030561e-5
300,732,53,0.04055801456671994,2.32892799213353e-5
300,744,54,0.031718943897518205,1.8642922189889155e-5
300,756,55,0.024774196529276066,1.5071538088319558e-5
300,768,56,0.019326503814555442,1.2180045222821424e-5
300,780,57,0.01505925483303784,9.669389610999472e-6
300,792,58,0.011721938789337834,7.654748063766196e-6
300,804,59,0.009115404867377844,6.061973006835902e-6
300,816,60,0.007082149037861146,4.788816219567925e-6
300,828,61,0.005497893213287449,3.765870678108723e-6
300,840,62,0.00426478170448241,2.9532320379415424e-6
300,852,63,0.003305925771665725,2.314015288367964e-6
300,864,64,0.0025611729078131276,1.8262424798312428e-6
300,876,65,0.001982945311666025,1.5066517228406983e-6
300,888,66,0.0015343783769011397,1.1789379479877986e-6
300,900,67,0.001186683458899162,9.223043733957429e-7
300,912,68,9.173806848112153e-4,7.261079422051169e-7
300,924,69,7.088659785886677e-4,5.695960874635486e-7
300,936,70,5.475488733109278e-4,4.80194406510121e-7
300,948,71,4.2278891160289664e-4,3.8368923276672293e-7
300,960,72,3.2633596054218293e-4,3.004332104743336e-7
300,972,73,2.5180942583881525e-4,2.349743936041508e-7
300,984,74,1.9424818510762712e-4,1.834904846295793e-7
300,996,75,1.4981085243698854e-4,1.400670878139959e-7
300,1008,76,1.1550754778305476e-4,1.0953658939478529e-7
300,1020,77,8.903921687127959e-5,8.541577276618866e-8
300,1032,78,6.862211303728898e-5,6.664602134445627e-8
300,1044,79,5.287930868852442e-5,4.7765261691952754e-8
300,1056,80,4.073927379965627e-5,3.726882145438354e-8
300,1068,81,3.1382636741768855e-5,3.0125795266684504e-8
300,1080,82,2.4170539418117714e-5,2.3549749373905362e-8
300,1092,83,1.861336104270366e-5,1.841162020444928e-8
300,1104,84,1.4332058244366579e-5,1.4372556957610685e-8
300,1116,85,1.1034253878482315e-5,1.1205798029003033e-8
300,1128,86,8.494384937039365e-6,8.728822101992185e-9
300,1140,87,6.538800365187557e-6,7.33155490731393e-9
300,1152,88,5.032767324348384e-6,5.704167951783295e-9
300,1164,89,3.8734739722420205e-6,4.197787148815434e-9
300,1176,90,2.9808681589832155e-6,3.263626546448769e-9
300,1188,91,2.2937960691014335e-6,2.5384079519550268e-9
300,1200,92,1.7649779301864421e-6,1.9719405991819733e-9
300,1212,93,1.3579972918450098e-6,1.535717656501286e-9
300,1224,94,1.0448068256707173e-6,1.1960004888324124e-9
300,1236,95,8.038054953350272e-7,9.29877410472065e-10
300,1248,96,6.183914632405558e-7,6.965854565733799e-10
300,1260,97,4.757067659037886e-7,5.411985555642002e-10
300,1272,98,3.65945252634369e-7,3.969552694420737e-10
300,1284,99,2.815017196401482e-7,3.1870433466385543e-10
300,1296,100,2.1652677323982924e-7,2.4749489913850075e-10
300,1308,101,1.6654416403942224e-7,1.9190420451033702e-10
300,1320,102,1.280959710546682e-7,1.4851030230955225e-10
300,1332,103,9.852147769716053e-8,1.1468354179454084e-10
300,1344,104,7.577333320919324e-8,8.868555794102815e-11
300,1356,105,5.827618240245839e-8,6.854292612644155e-11
300,1368,106,4.4818535973822834e-8,5.306232781161797e-11
300,1380,107,3.4468037037016475e-8,4.110028505523401e-11
300,1392,108,2.650739852858555e-8,3.178566050993579e-11
300,1404,109,2.0386804884614283e-8,2.416159832092054e-11
300,1416,110,1.567791175970202e-8,1.870166674041533e-11
300,1428,111,1.2056503185718428e-8,1.449473012639718e-11
300,1440,112,9.271486837485803e-9,1.1235268876396182e-11
300,1452,113,7.129721622030396e-9,8.711729224622212e-12
300,1464,114,5.482645961810091e-9,6.745943826737257e-12
300,1476,115,4.2162244323073875e-9,5.108414471012844e-12
300,1488,116,3.2421546882145902e-9,3.953210971022883e-12
300,1500,117,2.4931067914042196e-9,3.0590506010884484e-12
300,1512,118,1.917100635634141e-9,2.3679208543509106e-12
300,1524,119,1.4741654211056662e-9,1.835635648552003e-12
300,1536,120,1.1335584646319911e-9,1.42267136197786e-12
300,1548,121,8.716425548055531e-10,1.102868876126623e-12
300,1560,122,6.702792778388213e-10,8.640657754773179e-13
300,1572,123,5.154258011652641e-10,6.383607270515671e-13
300,1584,124,3.963276721902969e-10,4.956172916262963e-13
300,1596,125,3.047482079608837e-10,3.848637152603268e-13
300,1608,126,2.343432856143251e-10,3.0803562259550765e-13
300,1620,127,1.8019222197602947e-10,2.3926046052006626e-13
300,1632,128,1.3855373267882932e-10,1.8589079166137674e-13
300,1644,129,1.065421172086433e-10,1.4571754785602697e-13
300,1656,130,8.192687393834456e-11,1.0752997817199427e-13
300,1668,131,6.299493739273576e-11,8.318292205745108e-14
300,1680,132,4.8437731841624464e-11,6.446574475222081e-14
300,1692,133,3.724444571392301e-11,4.991115127619673e-14
300,1704,134,2.863771882350443e-11,3.8655137216616043e-14
300,1716,135,2.2019859212673862e-11,2.994937003330431e-14
300,1728,136,1.6931216425007286e-11,2.3178744967533263e-14
300,1740,137,1.3018513803467602e-11,1.7964710531802575e-14
300,1752,138,1.0010022647395523e-11,1.3910818609737398e-14
300,1764,139,7.696760517557077e-12,1.0768873873422618e-14
300,1776,140,5.918077968451709e-12,8.345623339042384e-15
300,1788,141,4.550432323901495e-12,6.462709716385354e-15
300,1800,142,3.4988388654512227e-12,5.001868539793187e-15
300,1812,143,2.69026030912656e-12,3.868865417591812e-15
300,1824,144,2.0685409348133215e-12,2.9923377602699897e-15
300,1836,145,1.5905972601840287e-12,2.4591857996567355e-15
300,1848,146,1.2230087946135008e-12,1.903826804509458e-15
300,1860,147,9.403706834119752e-13,1.4729258193537908e-15
300,1872,148,7.230492525451606e-13,1.1408711432803958e-15
300,1884,149,5.559510523281926e-13,8.830675333017734e-16
300,1896,150,4.274695366599563e-13,6.83547087280445e-16
300,1908,151,3.286801736875003e-13,5.291004631158224e-16
300,1920,152,2.5273281694225976e-13,3.9331851342275187e-16
300,1932,153,1.9432503609035492e-13,3.0444360162410695e-16
300,1944,154,1.4942497433334337e-13,2.3455288868824014e-16
300,1956,155,1.1489233814424522e-13,1.8158747569472983e-16
300,1968,156,8.834038395600412e-14,1.406083270309086e-16
300,1980,157,6.792472759184222e-14,1.0892081782214366e-16
300,1992,158,5.223052003443623e-14,8.663389216456816e-17
300,2004,159,4.0159924023445833e-14,6.701545229707775e-17
300,2016,160,3.087877742174801e-14,5.180743914495635e-17
300,2028,161,2.3742523892073546e-14,4.0088606799179866e-17
300,2040,162,1.8255493544186993e-14,3.101186078194216e-17
300,2052,163,1.4036529333647143e-14,2.3979271944058793e-17
300,2064,164,1.0793990512570278e-14,1.688444301082314e-17
300,2076,165,8.299457650830151e-15,1.3098901690576723e-17
300,2088,166,6.3814191482688e-15,1.015691336443478e-17
300,2100,167,4.9066507426956056e-15,7.873497131777128e-18
300,2112,168,3.772957868804529e-15,6.132401139443009e-18
350,0,-8,0,0
350,12,-7,0,0
350,24,-6,0,0
350,36,-5,0,0
350,48,-4,0,0
350,60,-3,0,0
350,72,-2,0,0
350,84,-1,0,0
350,96,0,13.690406786728333,4.823797642780308e-6
350,108,1,134.00975939191667,0.0038740250066124204
350,120,2,200.93713487105,0.008262017481339116
350,132,3,233.9287783049,0.012174281581329
350,144,4,244.06172322053334,0.013659950786445881
350,156,5,239.95611411538334,0.014931568061978167
350,168,6,227.51079528525,0.015606853974710008
350,180,7,210.59931543898333,0.015534940672129308
350,192,8,191.7127999175,0.01502965981004297
350,204,9,172.42153719591667,0.014231367398757872
350,216,10,153.67654308068333,0.012633334490250739
350,228,11,136.02422278921668,0.011484354564481401
350,240,12,119.84799230072738,0.01171213917198296
350,252,13,105.14512195173349,0.010168417307465812
350,264,14,91.89296764487656,0.009817737748143944
350,276,15,80.08340870097335,0.012967479048365971
350,288,16,69.62180322250146,0.016093947334443304
350,300,17,60.36744109644581,0.014015333463413474
350,312,18,52.21769281541314,0.011513380025027328
350,324,19,45.067863693527016,0.010212009633452044
350,336,20,38.80741337019008,0.008795185649813346
350,348,21,33.34064824875893,0.007485889789455655
350,360,22,28.57799437053318,0.008008133958295537
350,372,23,24.437925429208565,0.008218968904961623
350,384,24,20.845700214460866,0.007494259350579344
350,396,25,17.73562848559539,0.006729316385450678
350,408,26,15.049037129934453,0.006083316098426139
350,420,27,12.732848259662342,0.005771585717884161
350,432,28,10.741969485829674,0.0046219913659870295
350,444,29,9.034451843629304,0.004477150511065596
350,456,30,7.574218544033236,0.004132657811466405
350,468,31,6.3291994016513256,0.0035825555808936056
350,480,32,5.27090268082302,0.003233842827823042
350,492,33,4.3745865932020305,0.0028067476905971737
350,504,34,3.6179015983216556,0.0024436826142519704
350,516,35,2.9816566254820196,0.002136286399760983
350,528,36,2.448766566979927,0.0017760342699391473
350,540,37,2.004199818138532,0.0015173673164879651
350,552,38,1.634551379093136,0.0013159313561224085
350,564,39,1.328666511277253,0.0011244683042895634
350,576,40,1.0764838924538982,0.001004558157267501
350,588,41,0.8693322979758464,7.877611506470739e-4
350,600,42,0.6998377685060996,6.303373208090174e-4
350,612,43,0.5617762090497141,5.2894767121064e-4
350,624,44,0.44965629735695944,4.249535811088527e-4
350,636,45,0.3588853900693067,3.4425517392286213e-4
350,648,46,0.2857429672500113,2.911731484423373e-4
350,660,47,0.22691919402442626,2.4167454761600806e-4
350,672,48,0.1798163024873665,2.117398499710666e-4
350,684,49,0.14218096800771796,1.7640427006837938e-4
350,696,50,0.11222746370906167,1.2446836940295728e-4
350,708,51,0.08840908078107297,9.788410468523954e-5
350,720,52,0.06950838237894372,6.981366714057098e-5
350,732,53,0.05455774528494565,5.662427711216452e-5
350,744,54,0.04275630144861076,4.769366115771266e-5
350,756,55,0.033454873819247444,3.408806123557795e-5
350,768,56,0.026140515904611458,2.6406452515001986e-5
350,780,57,0.020401746185121864,2.295656556990648e-5
350,792,58,0.01590334834488975,1.8083838326561815e-5
350,804,59,0.012383762591982875,1.4139892734713085e-5
350,816,60,0.009634006754544523,1.0991919426440644e-5
350,828,61,0.007487987122907167,8.294143113378811e-6
350,840,62,0.005815314606838143,6.357410303570136e-6
350,852,63,0.004512822709277264,5.183362402343444e-6
350,864,64,0.0034993680084126964,4.020640230014877e-6
350,876,65,0.002711859331180364,3.292447312459822e-6
350,888,66,0.0021003399121413465,2.505159026847735e-6
350,900,67,0.0016258010058977322,1.9985495392650233e-6
350,912,68,0.0012577484497150009,1.6256706065505577e-6
350,924,69,9.725330840639333e-4,1.2747966669733207e-6
350,936,70,7.516932758264681e-4,1.0174319544446034e-6
350,948,71,5.807815901006448e-4,7.871701847495037e-7
350,960,72,4.4860663189488895e-4,5.579593544899833e-7
350,972,73,3.4639511133833546e-4,4.78365434382425e-7
350,984,74,2.673793721068452e-4,3.922284402329493e-7
350,996,75,2.063373058684441e-4,3.095622833290752e-7
350,1008,76,1.5916907057650617e-4,2.519849629033626e-7
350,1020,77,1.2276030965437972e-4,1.9609242644428132e-7
350,1032,78,9.466978556236128e-5,1.5652022177007906e-7
350,1044,79,7.298404159479552e-5,1.1804910046615078e-7
350,1056,80,5.626002307080461e-5,9.142597496571353e-8
350,1068,81,4.335618340645483e-5,7.107418702216585e-8
350,1080,82,3.340898720671003e-5,5.2049041930475865e-8
350,1092,83,2.5736301140769766e-5,4.002836732577867e-8
350,1104,84,1.982512061105366e-5,3.154261912254377e-8
350,1116,85,1.5267882092345854e-5,2.4681768458227038e-8
350,1128,86,1.1757649849906938e-5,1.9582418808640524e-8
350,1140,87,9.053297828166988e-6,1.515640780675637e-8
350,1152,88,6.970598870021085e-6,1.2016553115204621e-8
350,1164,89,5.366032562164669e-6,9.37345567481584e-9
350,1176,90,4.130904416575945e-6,7.6404652937297e-9
350,1188,91,3.1798128039351316e-6,6.115096305408102e-9
350,1200,92,2.4472857001598377e-6,4.767120290133464e-9
350,1212,93,1.883484111082349e-6,3.6672270847229327e-9
350,1224,94,1.4497118555435044e-6,3.1376379386528494e-9
350,1236,95,1.1155873802136113e-6,2.4207451230189314e-9
350,1248,96,8.584193188708019e-7,1.872576380626673e-9
350,1260,97,6.605490175956703e-7,1.5583758308717193e-9
350,1272,98,5.082642285192429e-7,1.1774893972147063e-9
350,1284,99,3.9108425708099166e-7,9.236477363687037e-10
350,1296,100,3.008993142071642e-7,7.042174786218952e-10
350,1308,101,2.3148228631783504e-7,5.478608711744099e-10
350,1320,102,1.7809848609127969e-7,4.663059197853838e-10
350,1332,103,1.3700636747200232e-7,3.6051906878551254e-10
350,1344,104,1.0539917704795151e-7,2.764855040120118e-10
350,1356,105,8.108070839179362e-8,2.1092335580138727e-10
350,1368,106,6.236767691826282e-8,1.6382480294838113e-10
350,1380,107,4.797530306203814e-8,1.2552815707675783e-10
350,1392,108,3.690132264528335e-8,9.743521115186333e-11
350,1404,109,2.838437815758909e-8,7.356829836380489e-11
350,1416,110,2.183309638280282e-8,5.92464663565174e-11
350,1428,111,1.6795751600463553e-8,4.5993420877015664e-11
350,1440,112,1.2918694555743917e-8,3.586309221717545e-11
350,1452,113,9.935991937755666e-9,2.7872458563579603e-11
350,1464,114,7.6418459943322515e-09,2.1667175788489057e-11
350,1476,115,5.8773323687146995e-9,1.6853094841766952e-11
350,1488,116,4.520210718677761e-9,1.3107971618159565e-11
350,1500,117,3.4767776462965297e-9,9.947350026258072e-12
350,1512,118,2.6739259809698308e-9,7.727529226219248e-12
350,1524,119,2.0566375022774384e-9,6.323491163975623e-12
350,1536,120,1.5818939408029287e-9,5.039577682062684e-12
350,1548,121,1.2166404971558468e-9,4.020902822019047e-12
350,1560,122,9.356690112294388e-10,3.121321976482494e-12
350,1572,123,7.195811323226294e-10,2.4248647725416275e-12
350,1584,124,5.534852281387697e-10,1.8257612173946034e-12
350,1596,125,4.2570794735861305e-10,1.4135902461148807e-12
350,1608,126,3.274101124794197e-10,1.1091634676906618e-12
350,1620,127,2.518372077582039e-10,8.805839617832761e-13
350,1632,128,1.936725450205974e-10,6.8433106676238e-13
350,1644,129,1.4895053055225824e-10,5.294512451911764e-13
350,1656,130,1.1455459477367562e-10,4.00091450085638e-13
350,1668,131,8.810626037971287e-11,3.032581945768979e-13
350,1680,132,6.776304363902481e-11,2.2864043635369935e-13
350,1692,133,5.211159954480562e-11,1.7767193021433925e-13
350,1704,134,4.007750427228273e-11,1.3425526057240148e-13
350,1716,135,3.082470179331688e-11,9.939222992717926e-14
350,1728,136,2.3707704944463134e-11,7.947463384907151e-14
350,1740,137,1.823178004520894e-11,6.172576731908807e-14
350,1752,138,1.4020648441177414e-11,4.7918808551596e-14
350,1764,139,1.0784347578663113e-11,3.818687950346342e-14
350,1776,140,8.293384580625514e-12,2.966019336943284e-14
350,1788,141,6.3779924272646866e-12,2.3174224105907865e-14
350,1800,142,4.905045788387286e-12,1.8542311623177963e-14
350,1812,143,3.772296261863379e-12,1.4119904705997631e-14
350,1824,144,2.900959070259165e-12,1.0981621240029747e-14
350,1836,145,2.2310171827714215e-12,8.490077049112212e-15
350,1848,146,1.7157751153394525e-12,6.581019581831671e-15
350,1860,147,1.3194545197759463e-12,5.11644319365766e-15
350,1872,148,1.0147433691597243e-12,4.078714966178121e-15
350,1884,149,7.80412143064336e-13,3.2672016062412924e-15
350,1896,150,6.0014850435401e-13,2.5368578806869515e-15
350,1908,151,4.616096782534829e-13,1.876189017060135e-15
350,1920,152,3.5500370172969294e-13,1.437351295926743e-15
350,1932,153,2.73013744946974e-13,1.1368815101576976e-15
350,1944,154,2.0997914037354112e-13,9.415245844300736e-16
350,1956,155,1.6147610224551933e-13,7.306756832952147e-16
350,1968,156,1.241857472444348e-13,5.834555594374746e-16
350,1980,157,9.550697629616372e-14,4.530244144535484e-16
350,1992,158,7.345047360986685e-14,3.497502810431579e-16
350,2004,159,5.648402470759669e-14,2.7150044762423173e-16
350,2016,160,4.343666882617376e-14,2.1074621558248749e-16
350,2028,161,3.3404330083907864e-14,1.656656249482321e-16
350,2040,162,2.568816738147208e-14,1.285662544333253e-16
350,2052,163,1.975547198287701e-14,1.0204155552749e-16
350,2064,164,1.5193853247516838e-14,8.246191165367737e-17
350,2076,165,1.168500865279582e-14,6.404260305745438e-17
350,2088,166,8.985845379858679e-15,4.966554705057466e-17
350,2100,167,6.9110768402930966e-15,3.94179342751612e-17
350,2112,168,5.315363062206986e-15,3.1814301132390584e-17
400,0,-8,0,0
400,12,-7,0,0
400,24,-6,0,0
400,36,-5,0,0
400,48,-4,0,0
400,60,-3,0,0
400,72,-2,0,0
400,84,-1,0,0
400,96,0,15.64621881979,3.8350206974439085e-6
400,108,1,153.54181970516666,0.005907190933420074
400,120,2,230.73303543441668,0.013791310913414939
400,132,3,268.56993941701666,0.019035702131380776
400,144,4,280.11709382985,0.021296926345200615
400,156,5,275.3775760517,0.021864089940859942
400,168,6,261.10870894505,0.022093005565583936
400,180,7,241.73976691245,0.021221885927706213
400,192,8,220.11749111816667,0.019635072919972414
400,204,9,198.03553064748334,0.018127846623936385
400,216,10,176.73142191791243,0.016873538445424933
400,228,11,156.6937665235954,0.011311949922268477
400,240,12,138.22043482023787,0.015284843797514408
400,252,13,121.42140732678243,0.01709403764039652
400,264,14,106.3076371511638,0.01286618861481129
400,276,15,92.81310859261578,0.015470292735384932
400,288,16,80.8264301469907,0.019195073725784027
400,300,17,70.21872283777181,0.016676574558660985
400,312,18,60.8678854641398,0.015220174325237375
400,324,19,52.648960470742026,0.016986063230814242
400,336,20,45.440955516400265,0.01805550192609839
400,348,21,39.136607001747464,0.016405208084060787
400,360,22,33.63276789600702,0.01482377253246413
400,372,23,28.837697952016015,0.01384761178191036
400,384,24,24.667591535012274,0.01264088650509108
400,396,25,21.049222270118058,0.011139522388018245
400,408,26,17.916273093821992,0.010658330431491687
400,420,27,15.208244302319994,0.009598277330693608
400,432,28,12.87275100532549,0.008677044628518652
400,444,29,10.863922859433789,0.00740330666984166
400,456,30,9.140241371789841,0.006354858184222496
400,468,31,7.665768830341068,0.005735146588413448
400,480,32,6.408079449904841,0.005277384433429947
400,492,33,5.338779960670591,0.004147743530803059
400,504,34,4.43246697263965,0.003563644461207048
400,516,35,3.6672811236389613,0.00295737847793458
400,528,36,3.023658091568171,0.0026732475049214446
400,540,37,2.484222689382329,0.0021475161296107674
400,552,38,2.033896816729511,0.001852724767598499
400,564,39,1.6594104289944194,0.0014759693951477144
400,576,40,1.349410904820389,0.0012397623496076854
400,588,41,1.0936434391219996,0.0010372892403551746
400,600,42,0.8835345677598955,8.861428897458332e-4
400,612,43,0.7115595108273383,7.456235169550434e-4
400,624,44,0.5713298191410406,5.877894468696628e-4
400,636,45,0.457407731234239,4.7878973839513445e-4
400,648,46,0.3652036248235567,3.9593014574502354e-4
400,660,47,0.29086084814047247,3.223069513509654e-4
400,672,48,0.2310614738738679,2.556975882892537e-4
400,684,49,0.18313030931783447,2.1123356209093225e-4
400,696,50,0.14482002596783533,1.632840683583227e-4
400,708,51,0.1142959407077316,1.2676324512480756e-4
400,720,52,0.0900272623053943,9.552762069405871e-5
400,732,53,0.0707824110587044,7.782882741451432e-5
400,744,54,0.055562256123089925,6.297875206498301e-5
400,756,55,0.04355037791177285,5.3183768336280825e-5
400,768,56,0.034084078103051335,4.5353132951715695e-5
400,780,57,0.026646170385621348,4.0530234342557966e-5
400,792,58,0.02080072920233619,3.08804119753565e-5
400,804,59,0.01621905654437154,2.447473615268907e-5
400,816,60,0.012633202271110784,1.9568985340446256e-5
400,828,61,0.009829902147666204,1.5558714661780684e-5
400,840,62,0.007641294690482579,1.1782145372463943e-5
400,852,63,0.005934991470142277,8.518775548327231e-6
400,864,64,0.004606347559528001,6.905314677487471e-6
400,876,65,0.003572441920640855,5.25686539076912e-6
400,888,66,0.00276886619399235,3.8621301657514486e-6
400,900,67,0.0021447401718310264,2.758323989342333e-6
400,912,68,0.0016602679064155323,2.151492884341077e-6
400,924,69,0.001284743429442545,1.7466323059302771e-6
400,936,70,9.935955360655454e-4,1.269835525419809e-6
400,948,71,7.680586995039125e-4,1.0224857387143358e-6
400,960,72,5.93533099094666e-4,7.005581076195377e-7
400,972,73,4.5846605750325475e-4,5.648847667028056e-7
400,984,74,3.540421208068353e-4,3.955520575117008e-7
400,996,75,2.732849634591444e-4,3.088415200629781e-7
400,1008,76,2.1090878240211369e-4,2.2508751755319773e-7
400,1020,77,1.6272440300144926e-4,1.6128030862655245e-7
400,1032,78,1.255084312197443e-4,1.21516019137596e-7
400,1044,79,9.678188010624544e-5,9.99112452859862e-8
400,1056,80,7.46189086035029e-5,7.707703761938354e-8
400,1068,81,5.752096801244953e-5,6.468954232194872e-8
400,1080,82,4.432891314137104e-5,5.238734672416322e-8
400,1092,83,3.4160382044750265e-5,3.7677049109186735e-8
400,1104,84,2.631838661345669e-5,2.7569556732415118e-8
400,1116,85,2.027377257050136e-5,2.400694670800007e-8
400,1128,86,1.5615323414569504e-5,1.849657599872298e-8
400,1140,87,1.2026273401258789e-5,1.5451310878619583e-8
400,1152,88,9.26016800366144e-6,1.2124392355974406e-8
400,1164,89,7.129571491351322e-6,9.529729311783173e-9
400,1176,90,5.490123312431133e-6,7.055039378348066e-9
400,1188,91,4.226482763577785e-6,5.600771317367796e-9
400,1200,92,3.2534263243726084e-6,4.451362581575102e-9
400,1212,93,2.5043466005912925e-6,3.710098999472196e-9
400,1224,94,1.927616924805823e-6,3.042572095381504e-9
400,1236,95,1.483440006682734e-6,2.3859412986513996e-9
400,1248,96,1.1415485804489588e-6,1.872782533471453e-9
400,1260,97,8.784590399483066e-7,1.4873023760149899e-9
400,1272,98,6.759432998293547e-7,1.1600828902262124e-9
400,1284,99,5.201059800506671e-7,8.986003414315949e-10
400,1296,100,4.0019461341365483e-7,7.30051024502714e-10
400,1308,101,3.079180130548871e-7,5.796161278359922e-10
400,1320,102,2.36890907953832e-7,4.5429433452415093e-10
400,1332,103,1.822416744579444e-7,3.5565904615208907e-10
400,1344,104,1.4020767152900154e-7,2.754901363253434e-10
400,1356,105,1.0786221902123013e-7,2.0542798459758395e-10
400,1368,106,8.297312813666178e-8,1.6103258161915172e-10
400,1380,107,6.383218275576701e-8,1.236805838397028e-10
400,1392,108,4.9104570521965985e-8,9.643162845638369e-11
400,1404,109,3.77735829102557e-8,7.365943877313154e-11
400,1416,110,2.905475760464216e-8,5.763720638869195e-11
400,1428,111,2.2348051144779215e-8,4.509701279746849e-11
400,1440,112,1.7189969706464234e-8,3.573390383463388e-11
400,1452,113,1.3221577012499632e-8,2.7979208128018725e-11
400,1464,114,1.0169556725834878e-8,2.1743179847981643e-11
400,1476,115,7.82210472821146e-9,1.7320321487587182e-11
400,1488,116,6.016480874263416e-9,1.377080870711874e-11
400,1500,117,4.62733776406091e-9,1.0772297467375147e-11
400,1512,118,3.5591132246308234e-9,8.541281794250795e-12
400,1524,119,2.7374251035518732e-9,6.7382483452315834e-12
400,1536,120,2.1053264980619956e-9,5.26999539008125e-12
400,1548,121,1.6191718104901789e-9,4.11816848464048e-12
400,1560,122,1.2452707263426601e-9,3.2166876407882174e-12
400,1572,123,9.577440179973717e-10,2.536907646645373e-12
400,1584,124,7.365708122552015e-10,1.9808238256872173e-12
400,1596,125,5.665005875249422e-10,1.5762361089593638e-12
400,1608,126,4.3567455136714246e-10,1.231109384427684e-12
400,1620,127,3.350747665746194e-10,9.3473794618728e-13
400,1632,128,2.576988495350511e-10,7.128683806939459e-13
400,1644,129,1.9818366183177934e-10,5.565185830507817e-13
400,1656,130,1.524216645161847e-10,4.2016564381417766e-13
400,1668,131,1.1721906687786026e-10,3.278194989959289e-13
400,1680,132,9.01561116469181e-11,2.6379651529638726e-13
400,1692,133,6.93438353185384e-11,2.147440130708103e-13
400,1704,134,5.332794673292984e-11,1.6743831594783165e-13
400,1716,135,4.10109743940512e-11,1.3066422639204e-13
400,1728,136,3.154007709570149e-11,1.0329002582408853e-13
400,1740,137,2.4255238746635735e-11,8.05213307520945e-14
400,1752,138,1.8652944010649842e-11,6.278225074066269e-14
400,1764,139,1.4344583205017655e-11,4.8923645684159753e-14
400,1776,140,1.1031325047650693e-11,3.811869805640048e-14
400,1788,141,8.483746127252863e-12,2.88754459419365e-14
400,1800,142,6.52455577165358e-12,2.2736209439570516e-14
400,1812,143,5.017524606130409e-12,1.7709848243700925e-14
400,1824,144,3.85857400293581e-12,1.37949113841209e-14
400,1836,145,2.967510983001153e-12,1.101336306863379e-14
400,1848,146,2.282067368842601e-12,8.578027836221967e-15
400,1860,147,1.7552001065147076e-12,6.860112050527203e-15
400,1872,148,1.3497766640424901e-12,5.340014827463352e-15
400,1884,149,1.0379977349287573e-12,4.15456142132081e-15
400,1896,150,7.982528542190858e-13,3.237831890227363e-15
400,1908,151,6.139003884998543e-13,2.547622284671698e-15
400,1920,152,4.720956897159045e-13,1.9824765310328387e-15
400,1932,153,3.6307325953633087e-13,1.581923546850186e-15
400,1944,154,2.7920547044952217e-13,1.2304305783056848e-15
400,1956,155,2.1471024268910206e-13,9.568500437409002e-16
400,1968,156,1.6511337510637795e-13,7.439548730404938e-16
400,1980,157,1.2697303966586136e-13,5.785397415473205e-16
400,1992,158,9.764271453834821e-14,4.498439100182174e-16
400,2004,159,7.508757725306166e-14,3.498000669676811e-16
400,2016,160,5.774263008320743e-14,2.718305202685106e-16
400,2028,161,4.440422327951793e-14,2.1120706362301555e-16
400,2040,162,3.4146889460517777e-14,1.6406997394041256e-16
400,2052,163,2.625890081383913e-14,1.2745537292155314e-16
400,2064,164,2.0194361556972147e-14,9.922409275303064e-17
400,2076,165,1.5529377343765018e-14,7.704036474589933e-17
400,2088,166,1.1942014001700375e-14,5.981136232991318e-17
400,2100,167,9.18334044522931e-15,4.643710956969934e-17
400,2112,168,7.061944704673093e-15,3.6063420000418923e-17
450,0,-8,0,0
450,12,-7,0,0
450,24,-6,0,0
450,36,-5,0,0
450,48,-4,0,0
450,60,-3,0,0
450,72,-2,0,0
450,84,-1,0,0
450,96,0,17.602040088868332,3.6415267404283367e-6
450,108,1,173.13159005313332,0.006086771925790108
450,120,2,260.57818993723333,0.013921070341351142
450,132,3,303.21625364211667,0.018855942383133588
450,144,4,316.16987952976666,0.023048819726472186
450,156,5,310.79529955978336,0.02421306797875098
450,168,6,294.7038035552,0.02404428922470356
450,180,7,272.8789895332667,0.022997285270770808
450,192,8,248.52264277571666,0.021363197381320444
450,204,9,223.8912022293621,0.023533522041202272
450,216,10,199.99740658853707,0.018933097808672437
450,228,11,177.53804760989772,0.015782392244160375
450,240,12,156.8391501194661,0.016688503799593118
450,252,13,138.00773684279196,0.01909327248704129
450,264,14,121.0433730890293,0.01898854916750109
450,276,15,105.87084227189055,0.018689012910799132
450,288,16,92.36696256399154,0.02154239440269811
450,300,17,80.40346473736624,0.02119164711659906
450,312,18,69.8387831247952,0.020843811941230396
450,324,19,60.53591460293963,0.01855207310915267
450,336,20,52.36498782907532,0.019075313598980428
450,348,21,45.20248163073032,0.017149196955918
450,360,22,38.937206049671005,0.013604083945371064
450,372,23,33.467267952076085,0.010834640266451128
450,384,24,28.700830729290793,0.00980206862191102
450,396,25,24.555666833793623,0.008495407191998896
450,408,26,20.957303755556563,0.007888228354469642
450,420,27,17.840430864988367,0.0072332960990084145
450,432,28,15.145907236089084,0.006352838856418412
450,444,29,12.821729088415145,0.005738800528345365
450,456,30,10.82228369736773,0.0051807789787672465
450,468,31,9.106960495573187,0.004757975370266973
450,480,32,7.638616479317087,0.004269752658593657
450,492,33,6.385756800905597,0.0036357208537703745
450,504,34,5.320342444932565,0.0031009339817936205
450,516,35,4.417716672359096,0.0025962705722737955
450,528,36,3.6554639669435156,0.0020991749143379054
450,540,37,3.0140873150491427,0.001830215475152244
450,552,38,2.476483069114686,0.001588609189812332
450,564,39,2.0276499744848424,0.0013714946783518448
450,576,40,1.6544670028432833,0.001160762040916699
450,588,41,1.3453950991914838,9.884958833637377e-4
450,600,42,1.0903957154446948,8.181304261619285e-4
450,612,43,0.8809205592694586,6.388121703553163e-4
450,624,44,0.7094779793780311,5.089640544438608e-4
450,636,45,0.5696748226980815,4.171713441948412e-4
450,648,46,0.4561372883432051,3.457933231966429e-4
450,660,47,0.36419904018163374,2.7657864454486847e-4
450,672,48,0.29004270629852597,2.227966541699933e-4
450,684,49,0.2304137032059115,1.7338715128521306e-4
450,696,50,0.18262602203634365,1.3314620561422785e-4
450,708,51,0.1444281952000845,9.7790293473638e-5
450,720,52,0.11398014451388273,7.612746587186996e-5
450,732,53,0.0897827099973899,5.804122702049328e-5
450,744,54,0.07059329428422083,4.90728780429809e-5
450,756,55,0.05541830168655491,3.415076246388085e-5
450,768,56,0.04343620313424669,2.9859226511530622e-5
450,780,57,0.033998447040627086,2.6974182868158146e-5
450,792,58,0.026578470956990154,2.215087756097561e-5
450,804,59,0.020748121201600158,1.4417487250561436e-5
450,816,60,0.01617880850374214,1.1322651401127626e-5
450,828,61,0.012600936684317311,9.155033930231583e-6
450,840,62,0.009804672292006553,6.735705470414215e-6
450,852,63,0.007622021948085622,5.222376574422842e-6
450,864,64,0.0059203468623043294,3.765499865636989e-6
450,876,65,0.004594674604881395,3.0800559347572064e-6
450,888,66,0.003563494384031344,2.4404777311239205e-6
450,900,67,0.0027618865501758284,1.852639229453577e-6
450,912,68,0.0021393318874519296,1.5926806832606705e-6
450,924,69,0.0016561710078294113,1.155398808283045e-6
450,936,70,0.001281476716597136,8.555617875963227e-7
450,948,71,9.910465300634532e-4,6.655927412386625e-7
450,960,72,7.661126815209355e-4,5.386161699442039e-7
450,972,73,5.920097732203014e-4,4.414666694227224e-7
450,984,74,4.572870084106103e-4,3.3680462867681877e-7
450,996,75,3.531069492468676e-4,2.784222581292495e-7
450,1008,76,2.7256214214574224e-4,2.138479844811077e-7
450,1020,77,2.1032710816789853e-4,1.669171646865915e-7
450,1032,78,1.6226089159963858e-4,1.2106552960424744e-7
450,1044,79,1.2515554257427268e-4,9.985858657553313e-8
450,1056,80,9.652072236277435e-5,6.786110710023534e-8
450,1068,81,7.441783547027994e-5,5.1092298533177363e-8
450,1080,82,5.736189574493627e-5,3.9180550119331213e-8
450,1092,83,4.4206942745671286e-5,3.406162579087206e-8
450,1104,84,3.406377811559339e-5,2.6109559493663595e-8
450,1116,85,2.6244461157664852e-5,1.9977241125998402e-8
450,1128,86,2.0215967965391637e-5,1.550759241808846e-8
450,1140,87,1.5571824906909325e-5,1.1432673587959234e-8
450,1152,88,1.1992260752848563e-5,9.146451504749002e-9
450,1164,89,9.235051830133527e-6,6.2565963160541965e-9
450,1176,90,7.111417032330299e-6,5.615256674384093e-9
450,1188,91,5.4753772185834976e-6,4.505696750876229e-9
450,1200,92,4.2150871093520915e-6,3.4552616994024783e-9
450,1212,93,3.2451468651390694e-6,3.475181292450548e-9
450,1224,94,2.4977969934544743e-6,2.7075751169397167e-9
450,1236,95,1.922478190693962e-6,2.1264461446153618e-9
450,1248,96,1.4797441505166182e-6,1.6537401064009866e-9
450,1260,97,1.1388507093940923e-6,1.2017873162896523e-9
450,1272,98,8.764179018217585e-7,8.943745999941547e-10
450,1284,99,6.74405811161879e-7,7.006731799694568e-10
450,1296,100,5.18962937496247e-7,5.155307815476201e-10
450,1308,101,3.993628046604837e-7,3.713687770020922e-10
450,1320,102,3.072610568246292e-7,2.886768549376697e-10
450,1332,103,2.3643264935418998e-7,2.079398348328078e-10
450,1344,104,1.8191152307278672e-7,1.6190354626869843e-10
450,1356,105,1.3995070706902485e-7,1.2467739842127594e-10
450,1368,106,1.07670354925471e-7,9.776569273500335e-11
450,1380,107,8.283087531594868e-8,7.560786501730764e-11
450,1392,108,6.371991318628436e-8,5.91682911063626e-11
450,1404,109,4.9017516750617166e-8,4.551375584075946e-11
450,1416,110,3.7707151554829146e-8,3.5998525292458e-11
450,1428,111,2.9004943405520222e-8,2.8503153410625526e-11
450,1440,112,2.231171718014e-8,2.124115995185884e-11
450,1452,113,1.7161577983854896e-8,1.6663379771669474e-11
450,1464,114,1.3200505517983862e-8,1.2920522648512098e-11
450,1476,115,1.0153158278403867e-8,1.0138003929735732e-11
450,1488,116,7.80920596957818e-9,7.963889213821948e-12
450,1500,117,6.006430643996416e-9,6.085495585590993e-12
450,1512,118,4.6196926954082135e-9,4.778143986972178e-12
450,1524,119,3.553082284997821e-9,3.7536320251664156e-12
450,1536,120,2.732882116236745e-9,2.9890462479593967e-12
450,1548,121,2.10198801897997e-9,2.3876562310510873e-12
450,1560,122,1.6166350175915649e-9,1.8701738367970416e-12
450,1572,123,1.2433524660294736e-9,1.4479850655013547e-12
450,1584,124,9.562464881339374e-10,1.136574848000747e-12
450,1596,125,7.35433862272773e-10,8.932805554586865e-13
450,1608,126,5.656165404112795e-10,7.266923813155129e-13
450,1620,127,4.3500115646550237e-10,5.704415702001057e-13
450,1632,128,3.3454614082919704e-10,4.466212840690269e-13
450,1644,129,2.573078057638078e-10,3.418478233469076e-13
450,1656,130,1.9789577593659216e-10,2.6328388622301275e-13
450,1668,131,1.5220094799104454e-10,2.070527342406572e-13
450,1680,132,1.1705151237487894e-10,1.621021784392264e-13
450,1692,133,9.001910267965262e-11,1.2696682711615492e-13
450,1704,134,6.922943363127823e-11,9.943757563036674e-14
450,1716,135,5.324516915565453e-11,7.991295796868699e-14
450,1728,136,4.0950071063404635e-11,5.868653055232958e-14
450,1740,137,3.149331093218966e-11,4.661709025452375e-14
450,1752,138,2.422302016781568e-11,3.667029384908413e-14
450,1764,139,1.8629756601456035e-11,2.7891077038610412e-14
450,1776,140,1.4327068593238163e-11,2.1899590534217506e-14
450,1788,141,1.1018107182430421e-11,1.717646731616842e-14
450,1800,142,8.473796859027417e-12,1.3879003878844094e-14
450,1812,143,6.5166493627744e-12,1.088140281364557e-14
450,1824,144,5.011521556934697e-12,8.522478312181413e-15
450,1836,145,3.854294862538003e-12,6.70094656349641e-15
450,1848,146,2.9640701778757205e-12,5.248412527756483e-15
450,1860,147,2.2794559037954138e-12,4.1109586449627605e-15
450,1872,148,1.7529617766854092e-12,3.223594738966244e-15
450,1884,149,1.3481960103859057e-12,2.6324736699080647e-15
450,1896,150,1.0368397578043418e-12,2.06323188006935e-15
450,1908,151,7.973600603908891e-13,1.6219867817519484e-15
450,1920,152,6.132576267512546e-13,1.2850213254212995e-15
450,1932,153,4.716375899597534e-13,1.0434959992291837e-15
450,1944,154,3.6270670561279466e-13,8.164074343050974e-16
450,1956,155,2.789278880376921e-13,6.385746717524073e-16
450,1968,156,2.1450752796312014e-13,5.067603367191762e-16
450,1980,157,1.649650360034992e-13,3.949659095158311e-16
450,1992,158,1.2686636414884484e-13,3.0943232453030784e-16
450,2004,159,9.756588300962543e-14,2.422964216547488e-16
450,2016,160,7.502931497893e-14,1.895759531034589e-16
450,2028,161,5.770960366642922e-14,1.5017627941434117e-16
450,2040,162,4.437927837304976e-14,1.1755547338370364e-16
450,2052,163,3.4130822398675805e-14,9.470083924218253e-17
450,2064,164,2.6246936229274973e-14,7.397001581506622e-17
450,2076,165,2.0184153249824394e-14,5.776196541597284e-17
450,2088,166,1.55217585443973e-14,4.507629035196468e-17
450,2100,167,1.1936322176083318e-14,3.513978026492311e-17
450,2112,168,9.179079995553595e-15,2.7401774666704992e-17
500,0,-8,0,0
500,12,-7,0,0
500,24,-6,0,0
500,36,-5,0,0
500,48,-4,0,0
500,60,-3,0,0
500,72,-2,0,0
500,84,-1,0,0
500,96,0,19.557872143566666,4.071296458115894e-6
500,108,1,192.78050504333333,0.009111993688239848
500,120,2,290.46219348615,0.019051653579495568
500,132,3,337.8717450209833,0.024774574511610345
500,144,4,352.22737169865,0.029556718133316333
500,156,5,346.2178907443667,0.03149367146360339
500,168,6,328.3039953507333,0.031931947580697485
500,180,7,304.02287871716663,0.03168648055810599
500,192,8,277.15796903718433,0.02982501875153012
500,204,9,249.87961398370433,0.03687806716795494
500,216,10,223.4613831156438,0.04470895578624668
500,228,11,198.64656278187,0.0520947104887954
500,240,12,175.75071342357796,0.052781459045359073
500,252,13,154.9182493603877,0.06081289885746215
500,264,14,136.12168366336147,0.06284632467178247
500,276,15,119.27711053138098,0.062293268713863904
500,288,16,104.26362344561667,0.058751029693374146
500,300,17,90.93812381894145,0.058866952209602585
500,312,18,79.14806870116847,0.05869902684710278
500,324,19,68.7490194170725,0.05549003463225181
500,336,20,59.594895498595704,0.05072557835328031
500,348,21,51.55545970982146,0.04771903803544374
500,360,22,44.51006866187301,0.04387376539001697
500,372,23,38.347214309247036,0.03997300255034685
500,384,24,32.966757889487695,0.037654075832557005
500,396,25,28.27692869424731,0.03482547918378546
500,408,26,24.1969155657209,0.031544390884667615
500,420,27,20.655208087694806,0.0292105757086076
500,432,28,17.58532059637331,0.026549179202130832
500,444,29,14.930726767252445,0.023845372452746153
500,456,30,12.640437630108469,0.021379791586546744
500,468,31,10.669720710651902,0.01888466483417619
500,480,32,8.978368359673714,0.01660335288807234
500,492,33,7.530978478417976,0.014610392951737402
500,504,34,6.295972858364667,0.012719120821963402
500,516,35,5.245631216220767,0.010960300804070525
500,528,36,4.355406411729268,0.009399023358029491
500,540,37,3.6036834426640225,0.0080290707789072175
500,552,38,2.9712101509224356,0.00700346518383645
500,564,39,2.441131009257502,0.006027837702579198
500,576,40,1.9985959312364165,0.005046794426201033
500,588,41,1.6306370042682083,0.004242471729308385
500,600,42,1.3258843221368353,0.0035421211011667673
500,612,43,1.0744933973513702,0.0029482248682900164
500,624,44,0.8679976252040391,0.0024883192809968813
500,636,45,0.6990135590939437,0.002043806994541901
500,648,46,0.5612148811801583,0.0016782711437952976
500,660,47,0.4492979265395654,0.0013707890366816834
500,672,48,0.35872485634183165,0.0011177294317723176
500,684,49,0.2856637188948112,9.011012545725657e-4
500,696,50,0.2269177410828408,7.292449764710594e-4
500,708,51,0.17983065395945355,5.905867911593445e-4
500,720,52,0.1422117709318764,4.749853802055211e-4
500,732,53,0.11223713711184297,3.750259753310853e-4
500,744,54,0.08840198090785424,2.982282035279094e-4
500,756,55,0.06950556887791995,2.396528304503195e-4
500,768,56,0.054555781940466126,1.8886306903339955e-4
500,780,57,0.04276001922550489,1.5151518848803008e-4
500,792,58,0.03346275148298008,1.1941984020249711e-4
500,804,59,0.02615343362958016,9.544134560008786e-5
500,816,60,0.02041429284119283,7.579986849579396e-5
500,828,61,0.015916962600839142,5.975829638479683e-5
500,840,62,0.012396808200593386,4.737629871327918e-5
500,852,63,0.009645380886859253,3.745817964716896e-5
500,864,64,0.0074983772637945865,2.942801252257604e-5
500,876,65,0.0058247549052108955,2.3254083144076413e-5
500,888,66,0.004521051312056342,1.7908465755235237e-5
500,900,67,0.0035063570037750687,1.3876038533206112e-5
500,912,68,0.002717765988891086,1.0552308835143507e-5
500,924,69,0.002105194741989275,8.067033500757878e-6
500,936,70,0.0016296914598755298,6.343064412225475e-6
500,948,71,0.001261022707972094,4.936639562111866e-6
500,960,72,9.752407545322555e-4,3.88776259525004e-6
500,972,73,7.538884780485919e-4,2.9948115346705717e-6
500,984,74,5.825485818578081e-4,2.3302265233094486e-6
500,996,75,4.499772534777798e-4,1.7947619368948968e-6
500,1008,76,3.4745663710591506e-4,1.399700022937802e-6
500,1020,77,2.682213343660362e-4,1.0637556916202278e-6
500,1032,78,2.0698776282379377e-4,8.198950524057805e-7
500,1044,79,1.5970486217446142e-4,6.524230760858161e-7
500,1056,80,1.2318218488120483e-4,5.055703748311893e-7
500,1068,81,9.498786705207904e-5,3.88753261401182e-7
500,1080,82,7.323397157698958e-5,2.959733363520939e-7
500,1092,83,5.645218616287091e-5,2.2706182758657784e-7
500,1104,84,4.3508787226003336e-5,1.7607328178962537e-7
500,1116,85,3.3527790775714366e-5,1.3443445556900085e-7
500,1128,86,2.583065123814372e-5,1.0398775662935079e-7
500,1140,87,1.9898022839010185e-5,7.926645994279999e-8
500,1152,88,1.532626380955674e-5,6.088835505535174e-8
500,1164,89,1.180358797328653e-5,4.6922863588595336e-8
500,1176,90,9.089178523928058e-6,3.629473479732398e-8
500,1188,91,6.998654854328266e-6,2.764571194941997e-8
500,1200,92,5.388400805243624e-6,2.1326121284818197e-8
500,1212,93,4.148903272840449e-6,1.7457240187039783e-8
500,1224,94,3.1936561856334542e-6,1.346531464682324e-8
500,1236,95,2.4581691548767385e-6,1.0363717681051832e-8
500,1248,96,1.891985633760585e-6,8.060148799667077e-9
500,1260,97,1.4561337227078054e-6,6.163952900845415e-9
500,1272,98,1.1206382584590408e-6,4.731198855176114e-9
500,1284,99,8.623714833157328e-7,3.6291322236938253e-9
500,1296,100,6.635765037416856e-7,2.792123469369363e-9
500,1308,101,5.106276960204791e-7,2.184618483913423e-9
500,1320,102,3.928856207219862e-7,1.6828796932340973e-9
500,1332,103,3.0227665147541593e-7,1.2934290383668876e-9
500,1344,104,2.3256214458831503e-7,9.984475029391853e-10
500,1356,105,1.7893971384713616e-7,7.536280987070098e-10
500,1368,106,1.3767001263796717e-7,5.717062613918354e-10
500,1380,107,1.0592019544319088e-7,4.32632770497902e-10
500,1392,108,8.148807869106986e-8,3.397139012824098e-10
500,1404,109,6.26846234663068e-8,2.6167115111538703e-10
500,1416,110,4.8227190654874325e-8,1.9979541840658238e-10
500,1428,111,3.709820783020017e-8,1.5543553611282929e-10
500,1440,112,2.8536705719091937e-8,1.1940859740582485e-10
500,1452,113,2.195212779529567e-8,9.181148219410343e-11
500,1464,114,1.6885569336204233e-8,7.041345650860265e-11
500,1476,115,1.2988084611287653e-8,5.41830985928837e-11
500,1488,116,9.991006028321735e-9,4.1676931131516545e-11
500,1500,117,7.685801427724215e-9,3.244331708185602e-11
500,1512,118,5.911492800896424e-9,2.499358462944602e-11
500,1524,119,4.546817157044055e-9,1.924298258767107e-11
500,1536,120,3.4972687543648822e-9,1.4542720580079742e-11
500,1548,121,2.689894680272042e-9,1.1260211834176605e-11
500,1560,122,2.0689730411418803e-9,8.656455662560684e-12
500,1572,123,1.5913901379261354e-9,6.603794872957169e-12
500,1584,124,1.2239804806093252e-9,5.0311692075935445e-12
500,1596,125,9.413887932303318e-10,3.875591102016201e-12
500,1608,126,7.24023746606731e-10,2.974849681001641e-12
500,1620,127,5.569001247548178e-10,2.250483533762571e-12
500,1632,128,4.2834313109752146e-10,1.7579292390114936e-12
500,1644,129,3.29446321651673e-10,1.3587186886516831e-12
500,1656,130,2.5338011469700726e-10,1.0543895299368692e-12
500,1668,131,1.9487571271664996e-10,8.264787773979827e-13
500,1680,132,1.498809588154698e-10,6.440150857713812e-13
500,1692,133,1.1526894876165195e-10,4.955839503461648e-13
500,1704,134,8.865563601389407e-11,3.7638621934676473e-13
500,1716,135,6.818197928451159e-11,2.8957458248844833e-13
500,1728,136,5.244053420720586e-11,2.202441634867374e-13
500,1740,137,4.0334214448826825e-11,1.6571130857906253e-13
500,1752,138,3.1020392601632907e-11,1.2765870937427167e-13
500,1764,139,2.385727012481591e-11,9.880999477740823e-14
500,1776,140,1.8347535456835023e-11,7.603074575503579e-14
500,1788,141,1.4110379531090216e-11,5.847759075580363e-14
500,1800,142,1.0852210588915479e-11,4.5316216486030024e-14
500,1812,143,8.34604668575385e-12,3.4820355411033876e-14
500,1824,144,6.418513374233268e-12,2.6772875332676303e-14
500,1836,145,4.9361331025458665e-12,2.058785830109338e-14
500,1848,146,3.796240943760973e-12,1.5639976904565565e-14
500,1860,147,2.919686921808834e-12,1.202083691127725e-14
500,1872,148,2.2454999608573833e-12,9.155738408352798e-15
500,1884,149,1.7270025545614031e-12,7.144844814651659e-15
500,1896,150,1.328137053356028e-12,5.4927368944527206e-15
500,1908,151,1.0214725486664927e-12,4.2200724373625086e-15
500,1920,152,7.855503714683894e-13,3.245965521992852e-15
500,1932,153,6.041668557206877e-13,2.4838520211980473e-15
500,1944,154,4.646562250445068e-13,1.894838591744341e-15
500,1956,155,3.5737299566300025e-13,1.4930656715865788e-15
500,1968,156,2.7483340444316723e-13,1.1501005825403116e-15
500,1980,157,2.1139924312046722e-13,8.569640769254069e-16
500,1992,158,1.6258626740411518e-13,6.491640292752257e-16
500,2004,159,1.2504268200005324e-13,5.013410327042982e-16
500,2016,160,9.616195275932221e-14,3.866561950442272e-16
500,2028,161,7.39516384907354e-14,2.9822874384007504e-16
500,2040,162,5.687101416501734e-14,2.3019215061033375e-16
500,2052,163,4.373541176095188e-14,1.7769852485177385e-16
500,2064,164,3.363372395221749e-14,1.3714923544144773e-16
500,2076,165,2.5866894458984283e-14,1.0587697387236339e-16
500,2088,166,1.9892307992011305e-14,8.16837083591635e-17
500,2100,167,1.5298978871112418e-14,6.474963450364606e-17
500,2112,168,1.1765631963004013e-14,4.928120223625341e-17
550,0,-8,0,0
550,12,-7,0,0
550,24,-6,0,0
550,36,-5,0,0
550,48,-4,0,0
550,60,-3,0,0
550,72,-2,0,0
550,84,-1,0,0
550,96,0,21.513713791995002,6.421383791330305e-6
550,108,1,212.47086472736666,0.0046390426118984845
550,120,2,320.36501442898333,0.006998529768157163
550,132,3,372.52851230243334,0.008654880482139722
550,144,4,388.28901775363335,0.011418727347540686
550,156,5,381.64722123443335,0.013930135545717898
550,168,6,361.91462656865,0.015151804228494407
550,180,7,335.2571427839264,0.02040176824594698
550,192,8,305.9137373283974,0.02787124260066611
550,204,9,276.0769943560951,0.021639027404704955
550,216,10,247.2321379247001,0.03355923426993287
550,228,11,220.11484337637583,0.04282229054596268
550,240,12,195.1035252162538,0.047655533491332704
550,252,13,172.30021124497412,0.05857893538107984
550,264,14,151.70258043607558,0.05389488896401417
550,276,15,133.21796888711256,0.0572224339330117
550,288,16,116.71571774560098,0.058209791047979687
550,300,17,102.04073174366354,0.052781839779500864
550,312,18,89.03378039910626,0.05303392792295841
550,324,19,77.53477625059332,0.04978074430283459
550,336,20,67.38857263147878,0.04649946931511042
550,348,21,58.45367830639434,0.044168063954269414
550,360,22,50.60387306209605,0.04175368325772873
550,372,23,43.718502010994435,0.03999226783044093
550,384,24,37.68948463233803,0.03680177717343865
550,396,25,32.42027970066163,0.034708057612194324
550,408,26,27.823241643330775,0.03373233679740725
550,420,27,23.820081228836656,0.03233019609532001
550,432,28,20.341592859998144,0.0314500865021096
550,444,29,17.325849726449036,0.028183702183014404
550,456,30,14.71464133444825,0.025481108441672104
550,468,31,12.46088352810363,0.02345526971183915
550,480,32,10.520346583636462,0.021523641450758555
550,492,33,8.854462051278531,0.019186260890314694
550,504,34,7.427391552192313,0.017142794502790187
550,516,35,6.210239356677778,0.015503703663004367
550,528,36,5.174193250848394,0.014258924834595186
550,540,37,4.295847975906264,0.012310066775882983
550,552,38,3.5535641417719055,0.011639775587555305
550,564,39,2.93034462873923,0.010143737448699092
550,576,40,2.4064681366261085,0.009404160940038337
550,588,41,1.969067315270458,0.008888933341656483
550,600,42,1.606169766614334,0.008204177120006484
550,612,43,1.3050032977677106,0.00696080961362696
550,624,44,1.0571530913831135,0.005847997952503132
550,636,45,0.8539829728433218,0.005362855250198241
550,648,46,0.6873064700785094,0.004553766972569153
550,660,47,0.5515779250866111,0.0035812739974342696
550,672,48,0.44124752317291666,0.003038638624682886
550,684,49,0.3518728821667302,0.0025135519002384317
550,696,50,0.2798829025285873,0.00224660522479204
550,708,51,0.2220930976702976,0.0018790595749678134
550,720,52,0.17612562995603967,0.0018382293320025386
550,732,53,0.1392385610023016,0.0016618971614262362
550,744,54,0.10976015955804233,0.0014013534927407166
550,756,55,0.08636375139661905,0.0011743707478030936
550,768,56,0.06779211836012435,0.0010061645601512198
550,780,57,0.053177784397272485,8.148158966394166e-4
550,792,58,0.04158917058211111,6.783147620732503e-4
550,804,59,0.032547187988222225,5.134038874588584e-4
550,816,60,0.02540169810751852,4.2939437370521374e-4
550,828,61,0.019805679517685186,3.5321793100375837e-4
550,840,62,0.015414836466979167,3.241315319749919e-4
550,852,63,0.0119873603640625,2.646717864948817e-4
550,864,64,0.009311285643666668,2.1644796208378288e-4
550,876,65,0.00722745662728125,1.7540834980775186e-4
550,888,66,0.0056083529460625,1.4227070877680074e-4
550,900,67,0.0043544441548229165,1.1887139975156178e-4
550,912,68,0.00337369916653125,9.602589667149078e-5
550,924,69,0.00262697543175,8.286487811837875e-5
550,936,70,0.002032615013458333,6.649047064591059e-5
550,948,71,0.00157185958325,5.323527486184798e-5
550,960,72,0.0012148579072500001,4.248760764986825e-5
550,972,73,9.384422786791666e-4,3.38327213242327e-5
550,984,74,7.246128828333334e-4,2.68446131843783e-5
550,996,75,5.6844944034e-4,1.767102939281021e-5
550,1008,76,4.3883052967e-4,1.3930148964607216e-5
550,1020,77,3.3863353631e-4,1.0989388868521523e-5
550,1032,78,2.6171479778333334e-4,9.936653692312314e-6
550,1044,79,2.0186277540416666e-4,7.84665119336064e-6
550,1056,80,1.5565716082916668e-4,6.191579671575656e-6
550,1068,81,1.1999842812083333e-4,4.8845303867500344e-6
550,1080,82,9.249596487708334e-5,3.850817906107595e-6
550,1092,83,7.127981229958333e-5,3.034743256608842e-6
550,1104,84,5.491895802416667e-5,2.3911680401239592e-6
550,1116,85,4.3130771745e-5,1.3927853479087547e-6
550,1128,86,3.323070154055555e-5,1.1004058606115853e-6
550,1140,87,2.5520427401666667e-5,8.534544693709008e-7
550,1152,88,1.965412617e-5,6.739986086984587e-7
550,1164,89,1.5133321758333333e-5,5.318467355866905e-7
550,1176,90,1.165257938e-5,4.175250222277543e-7
550,1188,91,8.971869663e-6,3.2680966026822694e-7
550,1200,92,6.906206232833334e-6,2.5679576724278947e-7
550,1212,93,5.315428826333333e-6,2.020473467117004e-7
550,1224,94,4.090139891e-6,1.600927579670623e-7
550,1236,95,3.147331731e-6,1.2624119289598574e-7
550,1248,96,2.4222165006666666e-6,9.891871830490467e-8
550,1260,97,1.863639734e-6,7.803139191031694e-8
550,1272,98,1.4641270924999999e-6,4.527584567394189e-8
550,1284,99,1.126970734e-6,3.560591507516292e-8
550,1296,100,8.673388601750001e-7,2.808822104869651e-8
550,1308,101,6.81541066825e-7,2.2727552157019697e-9
550,1320,102,5.24755860025e-7,1.7659853620758005e-9
550,1332,103,4.0402235729999997e-7,1.3723686801187689e-9
550,1344,104,3.11055372475e-7,1.066553164338909e-9
550,1356,105,2.3947241639999997e-7,8.287893930484185e-10
550,1368,106,1.843609531e-7,6.494280810451656e-10
550,1380,107,1.419258577e-7,5.048552913054687e-10
550,1392,108,1.092553593e-7,3.9248287158878776e-10
550,1404,109,8.4103388645e-8,3.05133921411345e-10
550,1416,110,6.4740284585e-8,2.372327340978302e-10
550,1428,111,4.9834125535e-8,1.8444871194862968e-10
550,1440,112,3.8359319855000006e-08,1.434135376694225e-10
550,1452,113,2.952619076e-8,1.1151137578922123e-10
550,1464,114,2.2726726889999998e-8,8.671133077965107e-11
550,1476,115,1.754050712e-8,NA
550,1488,116,1.35011724e-8,NA
550,1500,117,1.039191656e-8,NA
550,1512,118,7.99861756e-9,NA
550,1524,119,6.156437179e-9,NA
550,1536,120,4.738487026e-9,NA
550,1548,121,3.647085748e-9,NA
550,1560,122,2.807040866e-9,NA
550,1572,123,2.160470827e-9,NA
550,1584,124,1.662819235e-9,NA
550,1596,125,1.279791287e-9,NA
550,1608,126,9.84987357e-10,NA
550,1620,127,7.580885336e-10,NA
550,1632,128,5.834546466e-10,NA
600,0,-8,0,0
600,12,-7,0,0
600,24,-6,0,0
600,36,-5,0,0
600,48,-4,0,0
600,60,-3,0,0
600,72,-2,0,0
600,84,-1,0,0
600,96,0,23.46956624406,6.086044470888033e-6
600,108,1,232.21107759696667,0.008084613648989247
600,120,2,350.2893324978,0.015768471417771962
600,132,3,407.1864076092,0.020597915850029555
600,144,4,424.3427506515,0.02261116153554231
600,156,5,417.0647523976833,0.023414538222682704
600,168,6,395.50848006188335,0.022702721719489446
600,180,7,366.65486908128935,0.02547366403576935
600,192,8,334.7666884218196,0.03325899315513154
600,204,9,302.46987571137447,0.05398582659323718
600,216,10,271.25017396612407,0.06348201798051839
600,228,11,241.91350513971622,0.0837906642861488
600,240,12,214.82901834483474,0.09593658664273763
600,252,13,190.14116595909826,0.11026942796233094
600,264,14,167.83907240509274,0.12055743160570563
600,276,15,147.82573362639434,0.1316838315131444
600,288,16,129.96013775423543,0.14033723117648012
600,300,17,114.04490292381342,0.14773458659042807
600,312,18,99.91710998693073,0.15336535500816503
600,324,19,87.40549886410545,0.15831994196210764
600,336,20,76.37808194802084,0.12915276500483205
600,348,21,66.58471018366667,0.16949843933855951
600,360,22,57.926525420000004,0.27297790819669077
600,372,23,50.52463402,NA
650,0,-8,0,0
650,12,-7,0,0
650,24,-6,0,0
650,36,-5,0,0
650,48,-4,0,0
650,60,-3,0,0
650,72,-2,0,0
650,84,-1,0,0
650,96,0,25.42543031647333,9.524722822906924e-6
650,108,1,251.98730466221667,0.007284351132759172
650,120,2,380.23600922971667,0.013530852482228158
650,132,3,441.8650341478,0.018620792711726838
650,144,4,460.42187955493335,0.021212709985937148
650,156,5,452.50985464248333,0.022791037840770127
650,168,6,429.13346492233336,0.02515943353380454
650,180,7,398.1528627673707,0.03241061537358546
650,192,8,363.8602228443866,0.053929133981195164
650,204,9,329.20461023002935,0.06665650578186384
650,216,10,295.71547428246936,0.07837753805226909
650,228,11,264.2649120050723,0.09065662672169679
650,240,12,235.27253189536074,0.10298738966992564
650,252,13,208.9598851975898,0.11970992186698456
